comment_type,dest_lang,translation,user_id,source_lang,rule_used,comment_id,created_at,updated_at,confidence
episode,fr,Plus belle vue pour les yeux 👀,21667900,en,,13143419,2018-07-13 10:53:05,2018-07-13 10:53:05,
episode,es,No sé cómo va a terminar esta temporada ...,21667900,en,,13168440,2018-07-06 17:02:31,2018-07-06 17:02:31,
episode,fr,Je ne sais pas comment cette saison va se terminer ...,21667900,en,,13168440,2018-07-06 17:05:28,2018-07-06 17:05:28,
episode,pt,Não sei como esta temporada vai acabar ...,21667900,en,,13168440,2018-07-06 16:56:40,2018-07-06 16:56:40,
episode,ar,آن رائع حقا ❤️👍,21667900,en,,13200186,2018-07-13 21:17:25,2018-07-13 21:17:25,
episode,fr,Anne est vraiment merveilleuse ❤️👍,21667900,en,,13200186,2018-07-10 23:38:05,2018-07-10 23:38:05,
episode,fr,Verge d'effondrement 😢😢😭😭,21667900,en,,13225624,2018-07-24 01:38:34,2018-07-24 01:38:34,
episode,pt,À beira do colapso 😢😢😭😭,21667900,en,,13225624,2018-07-29 02:28:41,2018-07-29 02:28:41,
episode,pt,"Todo episódio eu entoando em minha mente: esteja a salvo June, por favor.",21667900,en,,13254123,2018-07-13 13:30:00,2018-07-13 13:30:00,
episode,fr,La chanson à la fin est tellement belle ❤️❤️,21667900,en,,13275765,2022-02-03 21:54:12,2022-02-03 21:54:12,
episode,fr,"Ragnar a tout perdu: frère, fille, fils, épouse",21667900,en,,13288094,2018-08-13 22:05:54,2018-08-13 22:05:54,
episode,es,Athelstan 😢😢💔💔💔,21667900,en,,13363551,2018-07-31 12:52:00,2018-07-31 12:52:00,
episode,ar,بكيت من أجل لا شيء 😂😂😢😅,21667900,en,,13376691,2018-07-27 15:18:09,2018-07-27 15:18:09,
episode,de,Ich schrie umsonst 😂😂😢😅,21667900,en,,13376691,2018-07-28 17:25:54,2018-07-28 17:25:54,
episode,fr,J'ai pleuré pour rien 😂😂😢😅,21667900,en,,13376691,2018-07-28 22:46:22,2018-07-28 22:46:22,
episode,it,Ho pianto per niente 😂😂😢😅,21667900,en,,13376691,2018-07-25 23:53:38,2018-07-25 23:53:38,
episode,pt,Eu chorei por nada 😂😂😢😅,21667900,en,,13376691,2018-08-06 10:14:35,2018-08-06 10:14:35,
episode,ar,"هذه الحلقة لالتقاط الأنفاس 💔💔😱😱
والنهاية ليست سوى 😥😥😥😰",21667900,en,,13379382,2018-07-23 17:24:49,2018-07-23 17:24:49,
episode,es,"Este episodio es impresionante 💔💔😱😱
Y el final es solo 😥😥😥😰",21667900,en,,13379382,2018-07-25 22:21:30,2018-07-25 22:21:30,
episode,fr,"Cet épisode est à couper le souffle 💔💔😱😱
Et la fin est juste 😥😥😥😰",21667900,en,,13379382,2018-07-23 17:22:36,2018-07-23 17:22:36,
episode,it,"Questo episodio è mozzafiato 💔💔😱😱
E il finale è solo 😥😥😥😰",21667900,en,,13379382,2018-07-23 16:43:20,2018-07-23 16:43:20,
episode,pl,"Ten odcinek zapiera dech w piersiach 💔💔😱😱
A koniec to tylko 😥😥😥😰",21667900,en,,13379382,2020-11-09 18:48:44,2020-11-09 18:48:44,
episode,pt,"Este episódio é de tirar o fôlego
E o final é só 😥😥😥😰",21667900,en,,13379382,2018-07-24 01:18:14,2018-07-24 01:18:14,
episode,fr,Une fois un traître toujours un traître 😾😾,21667900,en,,13392235,2018-08-07 15:34:07,2018-08-07 15:34:07,
episode,de,Pilot ist erstaunlich 😍 😍,21667900,en,,13401113,2018-08-09 11:49:29,2018-08-09 11:49:29,
episode,it,Non abbiamo bisogno del triangolo amoroso 😩,21667900,en,,13402271,2018-08-04 15:36:58,2018-08-04 15:36:58,
episode,fr,Pourquoi je déteste dr. Grant & Pippa 😭😭😭😭,21667900,en,,13451289,2018-10-16 19:22:04,2018-10-16 19:22:04,
episode,es,"No tengo palabras sobre cómo me siento acerca de esta final. 😭😭😭Esperé un final feliz. Pero este final es casi el perfecto.
Voy a extrañar todo el elenco 💕💕.",21667900,en,,13459131,2018-08-11 00:54:55,2018-08-11 00:54:55,
episode,it,"Non ho parole su come mi sento riguardo a questa finale. ""Speravo in un lieto fine. Ma questo finale è dannatamente vicino al perfetto.
Mi mancherà tutto il cast 💕💕.",21667900,en,,13459131,2018-08-03 11:56:08,2018-08-03 11:56:08,
episode,fr,"Rollo est traître, il a trahi sa propre chair et son sang.
Honte à lui.
Moi à Rollo 👇👇",21667900,en,,13459633,2018-09-04 08:28:53,2018-09-04 08:28:53,
episode,ar,"جاكي: في كل مرة أكون في المتجر ، كل ما يفعله هو التحديق في أثداءي.
آني: حسنًا ، الجميع يفعل ذلك. ربما يجب عليك الاستثمار في حمالة صدر أفضل
😂😂😂",21667900,en,,13477899,2022-06-22 16:58:04,2022-06-22 16:58:04,
episode,es,"Jackie: cada vez que estoy en la tienda, todo lo que hace es mirar mis tetas.
Annie: bueno, todos hacen eso. Tal vez deberías invertir en un mejor sostén
😂😂😂",21667900,en,,13477899,2018-07-30 12:58:24,2018-07-30 12:58:24,
episode,fr,"Jackie: Chaque fois que je suis dans le magasin, tout ce qu'il fait, c'est regarder mes seins.
Annie: Eh bien, tout le monde le fait. Peut-être que vous devriez investir dans un meilleur soutien-gorge
😂😂😂",21667900,en,,13477899,2018-07-30 14:22:11,2018-07-30 14:22:11,
episode,it,"Jackie: Ogni volta che sono nel negozio, tutto quello che fa è fissare le mie tette.
Annie: beh, lo fanno tutti. Forse dovresti investire in un reggiseno migliore
😂😂😂",21667900,en,,13477899,2018-07-30 12:36:51,2018-07-30 12:36:51,
episode,pt,"Jackie: Toda vez que eu estou na loja, tudo o que ele faz é olhar para os meus peitos.
Annie: bem, todo mundo faz isso. Talvez você deva investir em um sutiã melhor
😂😂😂",21667900,en,,13477899,2018-07-30 18:10:51,2018-07-30 18:10:51,
episode,ar,ينتهي الشرير ، قلبي تخطي حرفيا نبضة. 😱😱,21667900,en,,13477911,2018-07-30 21:54:51,2018-07-30 21:54:51,
episode,es,"El final es malvado, mi corazón literalmente se salta un latido. 😱😱",21667900,en,,13477911,2018-07-30 12:31:25,2018-07-30 12:31:25,
episode,fr,"La fin est mauvaise, mon cœur bat littéralement un battement. 😱😱",21667900,en,,13477911,2018-07-30 12:53:34,2018-07-30 12:53:34,
episode,it,"La fine è malvagia, il mio cuore letteralmente salta un battito. 😱😱",21667900,en,,13477911,2018-07-30 15:22:01,2018-07-30 15:22:01,
episode,pt,"O final é perverso, meu coração literalmente pula uma batida. 😱😱",21667900,en,,13477911,2018-07-30 12:53:49,2018-07-30 12:53:49,
episode,fr,L'horloge tourne pour Rollo le putain de traître,21667900,en,,13494704,2019-01-15 23:56:40,2019-01-15 23:56:40,
episode,fr,"Meilleur épisode jamais. Cet épisode est tout ce que les hommes peuvent demander. Rage, émotions, chagrin, réunion père-fils, mère et frère chienne. Et Ivar. La cinématographie est juste excellente et bande son aussi.
Toutes les personnes sont brisées à certains égards.",21667900,en,,13506302,2019-01-16 01:03:05,2019-01-16 01:03:05,
episode,it,"Il miglior episodio di sempre. Questo episodio è tutto ciò che gli uomini potrebbero chiedere. Rabbia, emozioni, crepacuore, riunione padre-figlio, cagna madre e fratello. E Ivar. La cinematografia è semplicemente eccellente e anche la colonna sonora.
Tutte le persone sono rotte in qualche modo.",21667900,en,,13506302,2018-12-28 16:32:22,2018-12-28 16:32:22,
episode,cs,"Kdo jiný se zamiloval do ivaru?
🙋🙋",21667900,en,,13506725,2018-08-22 19:34:09,2018-08-22 19:34:09,
episode,fr,"Qui d'autre est tombé amoureux d'ivar?
🙋🙋",21667900,en,,13506725,2018-08-07 19:52:45,2018-08-07 19:52:45,
episode,es,¡Bueno! No odio aslaug ahora. La admiro.,21667900,en,,13507346,2018-10-09 18:05:20,2018-10-09 18:05:20,
episode,pt,Tanta violência ❤️💕💕😍😍😍,21667900,en,,13526188,2018-09-02 16:45:40,2018-09-02 16:45:40,
episode,ar,مشاعر مختلطة ل Ivar 😍😱😭😡,21667900,en,,13536306,2018-08-08 23:58:11,2018-08-08 23:58:11,
episode,es,Rollo siempre elige la fiesta equivocada.,21667900,en,,13550287,2018-08-05 03:16:01,2018-08-05 03:16:01,
episode,it,Rollo sceglie sempre la festa sbagliata.,21667900,en,,13550287,2018-09-13 19:44:23,2018-09-13 19:44:23,
episode,pt,Rollo sempre escolhe a parte errada.,21667900,en,,13550287,2018-08-06 09:43:41,2018-08-06 09:43:41,
episode,ar,"الكثير من الألم
الكثير من الحب
خسارة كبيرة
الكثير من الحزن
الكثير من الكراهية
الكثير من العاطفة
كل ما يمكن أن أطلبه في منتصف الموسم النهائي. ❤️😭💕",21667900,en,,13554517,2018-08-08 08:41:41,2018-08-08 08:41:41,
episode,es,"Mucho dolor
Tanto amor
Tanta pérdida
Mucho dolor
Tanto odio
Tanta emoción
Todo lo que podría pedir para la final de la temporada media. ❤️😭💕",21667900,en,,13554517,2018-08-17 22:20:52,2018-08-17 22:20:52,
episode,fr,"Tellement de douleur
Tant d'amour
Tant de perte
Tant de chagrin
Tant de haine
Tant d'émotion
Tout ce que j'ai pu demander pour la mi-saison finale. ❤️😭💕",21667900,en,,13554517,2018-08-14 18:04:41,2018-08-14 18:04:41,
episode,it,"Così tanto dolore
Così tanto amore
Quanta perdita
Così tanto dolore
Così tanto odio
Tanta emozione
Tutto quello che potevo chiedere per la finale di metà stagione. ❤️😭💕",21667900,en,,13554517,2018-09-29 21:56:36,2018-09-29 21:56:36,
episode,fr,Suis-je le seul?,21667900,en,,13565077,2018-08-09 19:47:16,2018-08-09 19:47:16,
episode,ar,حقيقي!!,21667900,en,,13574958,2021-12-04 01:43:26,2021-12-04 01:43:26,
episode,es,¡¡Cierto!!,21667900,en,,13574958,2021-08-30 00:27:37,2021-08-30 00:27:37,
episode,it,Quando ms. La prima apparizione di Stacy ho pensato che Anne sia cresciuta 😅,21667900,en,,13575586,2018-08-09 13:29:58,2018-08-09 13:29:58,
episode,ar,سأفتقدهم ❤️❤️😍😍,21667900,en,,13575958,2018-08-09 22:03:49,2018-08-09 22:03:49,
episode,es,Los extrañaré ❤️❤️😍😍,21667900,en,,13575958,2018-08-07 19:13:30,2018-08-07 19:13:30,
episode,fr,Ils me manqueront,21667900,en,,13575958,2018-08-07 14:10:39,2018-08-07 14:10:39,
episode,it,Mi mancheranno ❤️❤️😍😍,21667900,en,,13575958,2018-08-08 11:21:56,2018-08-08 11:21:56,
episode,pl,Będę za nimi tęsknić ❤️❤️😍😍,21667900,en,,13575958,2018-08-06 21:54:11,2018-08-06 21:54:11,
episode,pt,Eu sentirei falta deles ❤️❤️😍😍,21667900,en,,13575958,2018-08-07 00:45:05,2018-08-07 00:45:05,
episode,tr,Onları özleyeceğim ❤️❤️😍😍,21667900,en,,13575958,2018-08-09 08:48:14,2018-08-09 08:48:14,
episode,ar,إنهاء هذا زاحف جدا.,21667900,en,,13587520,2018-08-24 20:46:45,2018-08-24 20:46:45,
episode,es,Ending es espeluznante.,21667900,en,,13587520,2018-08-21 22:14:00,2018-08-21 22:14:00,
episode,fr,La fin est si effrayante.,21667900,en,,13587520,2018-08-15 23:18:52,2018-08-15 23:18:52,
episode,it,La fine è così inquietante.,21667900,en,,13587520,2018-08-08 19:54:39,2018-08-08 19:54:39,
episode,pt,O final é tão assustador.,21667900,en,,13587520,2018-08-17 19:13:16,2018-08-17 19:13:16,
episode,tr,Sonu çok ürpertici.,21667900,en,,13587520,2018-09-01 16:26:33,2018-09-01 16:26:33,
episode,fr,"Qu'est-ce qui est arrivé à eux deux?
Je suis vraiment inquiet",21667900,en,,13638634,2018-08-12 20:06:04,2018-08-12 20:06:04,
episode,it,"Cosa è successo a entrambi?
Sono davvero preoccupato",21667900,en,,13638634,2018-08-11 21:25:18,2018-08-11 21:25:18,
episode,pl,"Co się stało z obiema z nich?
Naprawdę się martwię",21667900,en,,13638634,2018-08-12 16:54:54,2018-08-12 16:54:54,
episode,pt,"O que aconteceu com os dois?
Estou realmente preocupado",21667900,en,,13638634,2018-08-16 01:48:44,2018-08-16 01:48:44,
episode,ar,اذهبوا إلى الجحيم يا جميع الذين يلومون لوسي.,21667900,en,,13651735,2021-12-30 09:52:32,2021-12-30 09:52:32,
episode,es,"Vete al infierno, todos los que culpan a Lucy.",21667900,en,,13651735,2018-10-03 09:38:25,2018-10-03 09:38:25,
episode,fr,Allez au diable qui vous blâmez lucy.,21667900,en,,13651735,2018-08-28 23:23:49,2018-08-28 23:23:49,
episode,it,Vai al diavolo tutti quelli che stanno incolpando di lucy.,21667900,en,,13651735,2018-08-18 00:53:01,2018-08-18 00:53:01,
episode,pt,"Vá para o inferno, vocês estão culpando a lucy.",21667900,en,,13651735,2018-09-17 03:29:07,2018-09-17 03:29:07,
episode,ru,"Идите к черту все, кто обвиняет Люси.",21667900,en,,13651735,2022-12-04 12:17:22,2022-12-04 12:17:22,
episode,fr,Tout va mal! 😭😭😭,21667900,en,,13652603,2019-04-05 20:43:57,2019-04-05 20:43:57,
episode,ar,"حسنًا ، سأقوم بتدوينها حتى لو لم أكن أعرف ما أحاول قوله.
- ما اللعينة التي حدثت للقضية؟
- لماذا تحدق هاريت في ويليام في النهاية؟ (هل أنا أفكر كثيرا؟)
- ما هي الصفقة مع اللورد فالون؟
- ماذا سيحدث للسيد مارني؟

وأنا فخور بلوسي وتشارلوت 😘😍❤️THEY'RE BADASS",21667900,en,,13653282,2023-05-18 23:33:16,2023-05-18 23:33:16,
episode,es,"Está bien, así que voy a escribirlo incluso si no sé lo que estoy tratando de decir.
- ¿Qué diablos le ha pasado al caso?
- ¿Por qué Harriet mira a William al final? (¿Estoy pensando demasiado?)
- ¿Cuál es el trato con el señor Fallon?
- ¿Qué pasará con el señor Marney?

Y estoy orgulloso de LUCY Y CHARLOTTE 😘😍❤️THEY'RE BADASS",21667900,en,,13653282,2019-04-14 00:24:19,2019-04-14 00:24:19,
episode,fr,"Se sent si bien pour Lydia Quigley 😂😂
Et Lucy est génial 😍 😍",21667900,en,,13663044,2018-08-31 10:10:19,2018-08-31 10:10:19,
episode,ar,"هناك الكثير من الهراء الكبير بين مارجريت وليديا.
هذا الموسم سيكون مثيرا 👍😭😊😍",21667900,en,,13663406,2023-05-21 22:29:46,2023-05-21 22:29:46,
episode,es,"Hay mucha mierda entre Margaret y Lydia.
Esta temporada va a ser emocionante. 👍😭😊😍",21667900,en,,13663406,2020-09-16 18:08:37,2020-09-16 18:08:37,
episode,it,"C'è molta merda tra Margaret e Lydia.
Questa stagione sarà eccitante. 👍😭😊😍",21667900,en,,13663406,2018-08-28 12:57:05,2018-08-28 12:57:05,
episode,pt,"Há muita merda entre Margaret e Lydia.
Esta temporada vai ser emocionante. 👍😭😊😍",21667900,en,,13663406,2019-06-06 22:37:44,2019-06-06 22:37:44,
episode,es,¿Alguien que las cosas que amy Adams merece el jodido Oscar por este episodio?,21667900,en,,13676544,2018-08-17 23:48:40,2018-08-17 23:48:40,
episode,fr,Quelqu'un qui a des amy Adams mérite un putain d'Oscar pour cet épisode?,21667900,en,,13676544,2018-08-14 16:59:24,2018-08-14 16:59:24,
episode,it,Qualcuno che pensa che amy Adams meriti il cazzo di Oscar per questo episodio?,21667900,en,,13676544,2022-11-05 08:35:02,2022-11-05 08:35:02,
episode,pt,Alguém que coisas que amy Adams merece porra Oscar para este episódio?,21667900,en,,13676544,2019-01-31 09:40:30,2019-01-31 09:40:30,
episode,es,¿Acabo de llorar al final de la serie de drama criminal? 😭😭,21667900,en,,13686475,2018-12-25 19:56:05,2018-12-25 19:56:05,
episode,it,Woah! Non l'ho visto arrivare nel finale 😑😑,21667900,en,,13686723,2018-08-19 12:28:51,2018-08-19 12:28:51,
episode,pt,Woah! Não vi isso chegando no final 😑😑,21667900,en,,13686723,2018-08-28 04:31:08,2018-08-28 04:31:08,
episode,it,Qualcuno ha sentito vibrazioni vichinghe nel finale?,21667900,en,,13698088,2018-08-18 20:29:09,2018-08-18 20:29:09,
episode,pl,Czarownice to suki 😠😠😠,21667900,en,,13709215,2018-11-11 14:15:38,2018-11-11 14:15:38,
episode,fr,Je ne sais pas si je devrais être heureux ou triste. 😐,21667900,en,,13712666,2018-08-27 16:55:05,2018-08-27 16:55:05,
episode,it,"Non lo so, se dovessi essere felice o triste. 😐",21667900,en,,13712666,2018-08-20 21:45:18,2018-08-20 21:45:18,
episode,pl,"Nie wiem, czy powinienem być szczęśliwy czy smutny. 😐",21667900,en,,13712666,2018-08-26 14:33:26,2018-08-26 14:33:26,
episode,fr,Pouvez-vous sentir votre peur en regardant cet épisode?,21667900,en,,13719978,2018-08-19 22:22:31,2018-08-19 22:22:31,
episode,it,Riesci a percepire la tua paura mentre guardi questo episodio?,21667900,en,,13719978,2018-08-19 17:32:42,2018-08-19 17:32:42,
episode,fr,"Cette chienne lucy ferait mieux de jouer à un jeu.
Beaucoup de choses vont se passer en finale de la saison, préparez-vous",21667900,en,,13723925,2018-09-28 15:29:17,2018-09-28 15:29:17,
episode,it,"Quella stronza è meglio che giochi con una specie di gioco.
Un sacco di cose succederanno nella stagione finale, Mettetevi d'accordo ❤️😉",21667900,en,,13723925,2018-08-22 18:49:52,2018-08-22 18:49:52,
episode,es,"¡Maldita sea! Este episodio fue absolutamente impresionante. y la banda sonora 😍😭❤️👍😩
!! ¡HBO NUNCA DECEPCIONA!
Yo en el final de cada episodio: Amy merece el jodido Oscar 👌👌",21667900,en,,13745880,2018-08-20 15:50:16,2018-08-20 15:50:16,
episode,fr,"Zut! Cet épisode était à couper le souffle. et la bande son
!! HBO NE JAMAIS DÉCOUVRIR !!
Moi sur la fin de chaque épisode: Amy mérite de baiser Oscar 👌👌",21667900,en,,13745880,2018-08-20 18:48:30,2018-08-20 18:48:30,
episode,it,"Dannazione! Questo episodio è stato assolutamente mozzafiato. e la colonna sonora 😍😭❤️👍😩
!! HBO MAI DELUSO !!
Io alla fine di ogni episodio: Amy merita il cazzo di Oscar 👌👌",21667900,en,,13745880,2018-08-20 15:53:47,2018-08-20 15:53:47,
episode,pt,"Droga! Este episódio foi absolutamente deslumbrante. e a trilha sonora 😍😭❤️👍😩
!! HBO nunca decepciona !!
Eu no final de cada episódio: Amy merece porra Oscar 👌👌",21667900,en,,13745880,2018-08-20 15:09:10,2018-08-20 15:09:10,
episode,ar,"حقا تريد أن تعرف كيف أدورا فعلت ذلك؟ نهائي الموسم سيكون الأفضل.
لا يزال زوج أدورا يعطيني مشاعر زاحفة. أنا متأكد من أنه شارك أيضا في هذا.",21667900,en,,13745900,2018-08-20 17:08:56,2018-08-20 17:08:56,
episode,es,"¿Realmente quieres saber cómo lo hizo Adora? La final de la temporada va a ser la mejor.
Aún el marido de Adora me está dando vibraciones espeluznantes. Estoy seguro de que él también está involucrado en esto.",21667900,en,,13745900,2018-08-21 14:40:23,2018-08-21 14:40:23,
episode,fr,"Vraiment envie de savoir comment Adora l'a fait? La finale de la saison va être la meilleure.
Pourtant, le mari d'Adora me donne des vibrations effrayantes. Je suis sûr qu'il a également participé à cela.",21667900,en,,13745900,2018-08-20 18:49:32,2018-08-20 18:49:32,
episode,pt,"Realmente quer saber como Adora fez isso? A final da temporada será a melhor.
Ainda o marido de Adora está me dando vibrações assustadoras. Tenho certeza de que ele também se envolveu nisso.",21667900,en,,13745900,2018-08-20 15:16:47,2018-08-20 15:16:47,
episode,it,"Klaus si pentirà di non aver ucciso suo padre.
Non essere un sentimentale è solo causare dolore nella vita reale.",21667900,en,,13757896,2018-10-19 17:20:30,2018-10-19 17:20:30,
episode,pl,"NIE POWIEDZ MAMY
😨😨😨",21667900,en,,13824282,2018-08-27 10:48:45,2018-08-27 10:48:45,
episode,pt,"NÃO DIGA MAMA
😨😨😨",21667900,en,,13824282,2018-08-27 10:49:35,2018-08-27 10:49:35,
episode,it,"L'hanno davvero uccisa. Episodio peggiore di sempre. 😭😭😭😭
Prima di tutto ci fanno sentire in contatto con i personaggi e poi li hanno uccisi, non c'è niente di buono in questo.
SONO PISSATO, MI STO PUCCANDO.",21667900,en,,13908145,2018-09-15 23:47:33,2018-09-15 23:47:33,
episode,it,"Riesci a percepire la paura?
Riesci a sentire il dolore?
Riesci a vedere i mostri?
Puoi fermare le tue lacrime?
😭😢😢",21667900,en,,13909636,2018-09-17 22:42:25,2018-09-17 22:42:25,
episode,it,"Rebekah ha ottenuto Marcel
Kol ha preso davina
Elia è libero dal peso di sempre e per sempre.
MA Klaus? Ha perso tutto, intendo TUTTO

Soffrono tutti",21667900,en,,13979540,2018-09-23 00:43:01,2018-09-23 00:43:01,
episode,pt,"Estou feliz por Elijah, mas eu quero meu antigo de volta 😢😭😭💔💔",21667900,en,,13981796,2018-10-15 19:01:26,2018-10-15 19:01:26,
episode,fr,Cet épisode est un chef-d'œuvre ♥ ️,21667900,en,,14104002,2018-10-22 19:30:28,2018-10-22 19:30:28,
episode,pt,Este episódio é uma obra prima ♥ ️,21667900,en,,14104002,2019-05-10 04:23:14,2019-05-10 04:23:14,
episode,pt,Essa última cena é tão brutal?,21667900,en,,14146579,2018-09-25 19:38:16,2018-09-25 19:38:16,
episode,ar,تلك المشهد الأخير ❤️❤️👌,21667900,en,,14147324,2018-09-23 09:01:29,2018-09-23 09:01:29,
episode,fr,Ces dernières scènes ❤️❤️👌,21667900,en,,14147324,2018-09-23 11:04:03,2018-09-23 11:04:03,
episode,ar,كان ذلك مضحكا جدا 😂 😂 😂 😂,21667900,en,,14160690,2021-05-26 02:17:22,2021-05-26 02:17:22,
episode,en,That was so funny 😂 😂 😂 😂,21667900,en,,14160690,2018-12-11 11:52:08,2018-12-11 11:52:08,
episode,fr,C'était tellement drôle 😂 😂 😂 😂,21667900,en,,14160690,2020-03-31 15:28:01,2020-03-31 15:28:01,
episode,it,E 'stato così divertente 😂 😂 😂 😂,21667900,en,,14160690,2019-02-20 15:55:32,2019-02-20 15:55:32,
episode,mk,Беше толку смешно 😂 😂 😂 😂,21667900,en,,14160690,2022-05-28 11:24:13,2022-05-28 11:24:13,
episode,pt,Isso foi tão engraçado 😂 😂 😂 😂,21667900,en,,14160690,2018-09-29 13:10:20,2018-09-29 13:10:20,
episode,tr,Çok komikti 😂 😂 😂 😂,21667900,en,,14160690,2022-11-27 01:37:36,2022-11-27 01:37:36,
episode,ar,محادثتهم هي أفضل جزء من الحلقة ❤️😍👏,21667900,en,,14160840,2018-09-24 20:48:30,2018-09-24 20:48:30,
episode,es,Su conversación es la mejor parte del episodio ❤️😍👏,21667900,en,,14160840,2018-09-27 01:45:37,2018-09-27 01:45:37,
episode,fr,Leur conversation est la meilleure partie de l'épisode ❤️😍👏,21667900,en,,14160840,2018-09-24 20:51:49,2018-09-24 20:51:49,
episode,it,La loro conversazione è la parte migliore dell'episodio ❤️😍👏,21667900,en,,14160840,2018-09-24 16:44:58,2018-09-24 16:44:58,
episode,pl,Ich rozmowa jest najlepszą częścią odcinka ❤️😍👏,21667900,en,,14160840,2018-10-09 04:17:21,2018-10-09 04:17:21,
episode,pt,A conversa deles é a melhor parte do episódio ❤️😍👏,21667900,en,,14160840,2018-09-26 18:23:13,2018-09-26 18:23:13,
episode,tr,Sohbetleri bölümün en güzel yeri ❤️😍👏,21667900,en,,14160840,2022-11-27 17:20:49,2022-11-27 17:20:49,
episode,fr,Maintenant le vrai plaisir commence,21667900,en,,14163268,2019-02-19 11:33:44,2019-02-19 11:33:44,
episode,it,Qualcuno ha paura di Beth? 😜,21667900,en,,14184627,2018-09-26 13:21:51,2018-09-26 13:21:51,
episode,fr,Je veux en voir plus. ❤️👏😘,21667900,en,,14184650,2018-09-26 07:38:21,2018-09-26 07:38:21,
episode,fr,Les sautes d'humeur de Randall sont vraiment adorables 😜❤️,21667900,en,,14184659,2018-09-26 08:12:32,2018-09-26 08:12:32,
episode,it,Gli sbalzi d'umore di Randall sono davvero adorabili 😜❤️,21667900,en,,14184659,2018-09-26 14:06:12,2018-09-26 14:06:12,
episode,pt,Ela é engraçada 😜,21667900,en,,14185235,2018-09-29 20:16:46,2018-09-29 20:16:46,
episode,tr,O komik 😜,21667900,en,,14185235,2022-01-31 11:21:18,2022-01-31 11:21:18,
episode,fa,لمائو 😂 😂😂,21667900,en,,14185402,2023-06-25 08:10:34,2023-06-25 08:10:34,
episode,tr,lmao 😂 😂😂,21667900,en,,14185402,2020-06-08 14:01:38,2020-06-08 14:01:38,
episode,pt,Marin merece melhor. 😢😢,21667900,en,,14237330,2018-11-11 00:50:07,2018-11-11 00:50:07,
episode,fr,"Un des meilleurs épisodes de tous les temps. ❤️❤️
Zuko 😘❤️",21667900,en,,14250526,2019-02-16 11:45:44,2019-02-16 11:45:44,
episode,it,"Episodio più straziante del cuore 😔
Appa ❤️😘😥",21667900,en,,14261307,2018-12-16 22:21:03,2018-12-16 22:21:03,
episode,es,"El episodio más desgarrador 😔
Appa ❤️😘😥",21667900,en,,14261311,2023-01-06 21:32:56,2023-01-06 21:32:56,
episode,fr,"Épisode le plus déchirant 😔
Appa❤️😘😥",21667900,en,,14261311,2023-04-09 22:37:10,2023-04-09 22:37:10,
episode,fr,"J'adore la conversation entre Randall et Beth
Ils sont géniaux",21667900,en,,14272955,2018-10-03 10:43:42,2018-10-03 10:43:42,
episode,it,"Adoro la conversazione tra Randall e Beth ❤️
Sono fantastici",21667900,en,,14272955,2018-10-03 11:41:53,2018-10-03 11:41:53,
episode,ar,من الصعب حقاً أن نشاهد المناضلات الثلاثة الكبرى و ريبيكا بعد وفاة جاك 😭😭,21667900,en,,14272962,2018-10-04 13:21:40,2018-10-04 13:21:40,
episode,el,Είναι πραγματικά δύσκολο να παρακολουθήσετε τους αγώνες των τριών μεγάλων και της Rebecca μετά το θάνατο του Jack 😭😭,21667900,en,,14272962,2020-03-14 22:34:09,2020-03-14 22:34:09,
episode,es,Es realmente difícil ver las tres grandes y las luchas de Rebecca después de la muerte de Jack,21667900,en,,14272962,2018-10-03 23:11:31,2018-10-03 23:11:31,
episode,fr,C'est vraiment difficile de regarder les trois grands et les luttes de Rebecca après la mort de Jack 😭😭,21667900,en,,14272962,2018-10-03 10:27:28,2018-10-03 10:27:28,
episode,it,È davvero difficile guardare i tre grandi e le battaglie di Rebecca dopo la morte di Jack 😭😭,21667900,en,,14272962,2018-10-03 11:28:19,2018-10-03 11:28:19,
episode,pt,É realmente difícil assistir os três grandes e as lutas de Rebecca após a morte de Jack 😭😭,21667900,en,,14272962,2018-10-03 09:57:05,2018-10-03 09:57:05,
episode,ar,سام ، كلب؟ هناك مشهد له مع ذلك الكلب. كيف هذا ممكن؟,21667900,en,,14302807,2023-01-25 04:09:33,2023-01-25 04:09:33,
episode,es,"Samuel, ¿un perro? Hay una escena de él con ese perro. ¿Como es eso posible?",21667900,en,,14302807,2022-10-14 15:50:39,2022-10-14 15:50:39,
episode,fa,سام، یک سگ؟ صحنه ای از او با آن سگ وجود دارد. چطور ممکن است؟,21667900,en,,14302807,2022-07-09 23:47:44,2022-07-09 23:47:44,
episode,fr,"Sam, un chien? Il y a une scène de lui avec ce chien. Comment est-ce possible?",21667900,en,,14302807,2019-01-12 21:54:55,2019-01-12 21:54:55,
episode,it,"Sam, un cane? C'è una scena di lui con quel cane. Com'è possibile?",21667900,en,,14302807,2019-03-23 18:45:48,2019-03-23 18:45:48,
episode,pt,"Sam, um cachorro? Há uma cena dele com aquele cachorro. Como isso é possível?",21667900,en,,14302807,2019-01-23 02:15:37,2019-01-23 02:15:37,
episode,tr,"Sam, köpek mi? O köpekle bir sahnesi var. Bu nasıl mümkün olabilir?",21667900,en,,14302807,2021-06-07 21:02:19,2021-06-07 21:02:19,
episode,es,¿Quién miente?,21667900,en,,14326907,2018-11-07 02:17:26,2018-11-07 02:17:26,
episode,it,Uomo oh uomo!! Diventando sempre più interessante con ogni episodio.,21667900,en,,14327295,2022-11-17 23:17:23,2022-11-17 23:17:23,
episode,it,In questo episodio entrambi i lati della storia sono così diversi.,21667900,en,,14341892,2022-11-19 10:46:22,2022-11-19 10:46:22,
episode,pt,"Neste episódio, ambos os lados da história são tão diferentes.",21667900,en,,14341892,2022-09-07 06:25:53,2022-09-07 06:25:53,
episode,es,La culpa es una emoción realmente desagradable 😔😢,21667900,en,,14342788,2019-10-03 10:23:37,2019-10-03 10:23:37,
episode,it,"Il POV di Cole e Alison è molto diverso?
A chi credere?",21667900,en,,14344572,2022-11-20 22:50:02,2022-11-20 22:50:02,
episode,it,Ammettilo! La parte migliore di questo episodio è Helen che ride ed è felice. ❤️,21667900,en,,14362176,2022-11-22 18:21:43,2022-11-22 18:21:43,
episode,it,"Noah e il terapista
Quella scena è davvero ben scritta ❤️e crea un grande impatto sul personaggio di Noah.",21667900,en,,14371731,2022-11-22 23:49:48,2022-11-22 23:49:48,
episode,it,Miserabile eroe è 😔,21667900,en,,14422248,2021-08-18 20:20:46,2021-08-18 20:20:46,
episode,tr,Şimdiye kadarki en iyi bölüm.,21667900,en,,14423219,2020-07-07 13:14:13,2020-07-07 13:14:13,
episode,fr,MERDE!! J'avais tellement peur pour Claire han merci à Dieu Jaime est venu,21667900,en,,14474948,2018-11-08 15:45:43,2018-11-08 15:45:43,
episode,ar,"حسنًا ، اعتقدت دائمًا أنه لا يوجد أحد أسوأ من Ramsey & Joffery لكن Jack Fucking Randall هو الأسوأ على الإطلاق.
مثير للاشمئزاز الوغد السادي 😣😣",21667900,en,,14490579,2022-06-13 03:07:32,2022-06-13 03:07:32,
episode,es,"Bueno, siempre pensé que nadie es peor que Ramsey y Joffery, pero Jack Fucking Randall es el peor de todos.
Repugnante bastardo sádico 😣😣",21667900,en,,14490579,2019-02-25 03:21:43,2019-02-25 03:21:43,
episode,en,Baby Jack is so so so cute 😻 😻 😻,21667900,en,,14503686,2018-10-26 06:25:37,2018-10-26 06:25:37,
episode,es,Baby Jack es tan lindo 😻 😻 😻,21667900,en,,14503686,2018-10-18 12:15:18,2018-10-18 12:15:18,
episode,fr,"Woah! Cet épisode est dégoûtant ou chef d'oeuvre, je ne peux pas décider. Je ne pouvais littéralement pas regarder certaines scènes de cet épisode. Tous les acteurs ont très bien joué leur rôle.",21667900,en,,14504281,2018-10-19 12:56:55,2018-10-19 12:56:55,
episode,it,"Woah! Questo episodio è disgustoso o capolavoro, non posso decidere. Non potevo letteralmente guardare alcune scene di questo episodio. Tutti gli attori hanno interpretato il loro ruolo incredibilmente bene.",21667900,en,,14504281,2020-06-12 22:00:52,2020-06-12 22:00:52,
episode,es,"Nosotros Stan tu padre, Brianna 😍❤️😻😘",21667900,en,,14557126,2018-11-01 06:32:01,2018-11-01 06:32:01,
episode,fr,"Nous Stan ton père, Brianna",21667900,en,,14557126,2018-11-09 14:23:00,2018-11-09 14:23:00,
episode,ar,أنا لا أنام الليلة.,21667900,en,,14596156,2018-10-23 23:30:31,2018-10-23 23:30:31,
episode,fr,Je ne dors pas ce soir.,21667900,en,,14596156,2018-10-23 19:20:15,2018-10-23 19:20:15,
episode,it,Non dormirò stanotte.,21667900,en,,14596156,2018-10-23 20:05:25,2018-10-23 20:05:25,
episode,pt,Eu não estou dormindo esta noite.,21667900,en,,14596156,2018-10-23 22:55:40,2018-10-23 22:55:40,
episode,fr,Jeune loup et walder frey.,21667900,en,,14623834,2018-10-30 23:35:05,2018-10-30 23:35:05,
episode,it,Giovane lupo e walder frey.,21667900,en,,14623834,2018-10-25 11:49:51,2018-10-25 11:49:51,
episode,it,Non toccarmi 😲😲😲😲😱😱😱,21667900,en,,14625751,2018-10-26 19:37:27,2018-10-26 19:37:27,
episode,ar,النهاية هي مرعبة سخيف 😱😭,21667900,en,,14684569,2018-10-28 22:46:38,2018-10-28 22:46:38,
episode,es,El final es jodidamente aterrador 😱😭,21667900,en,,14684569,2018-10-30 00:16:00,2018-10-30 00:16:00,
episode,fr,La fin est putain terrifiante,21667900,en,,14684569,2018-10-28 21:34:41,2018-10-28 21:34:41,
episode,it,La fine è fottutamente terrificante 😱😭,21667900,en,,14684569,2018-10-29 21:07:23,2018-10-29 21:07:23,
episode,pt,O final é fodidamente aterrorizante 😱😭,21667900,en,,14684569,2018-10-28 20:09:22,2018-10-28 20:09:22,
episode,tr,Sonu çok korkunç 😱,21667900,en,,14684569,2022-09-15 05:17:29,2022-09-15 05:17:29,
episode,it,Perché odiate la grazia? Non capisco,21667900,en,,14695243,2018-10-29 21:02:25,2018-10-29 21:02:25,
episode,pt,Eu estava bem aqui e ninguém podia me ver. 😭😭,21667900,en,,14696837,2018-11-18 07:35:06,2018-11-18 07:35:06,
episode,ar,نصيحة: استمعي لزوجتك حتى لو ماتت 😝,21667900,en,,14697386,2021-10-27 02:17:04,2021-10-27 02:17:04,
episode,es,Consejo: escucha a tu esposa incluso si está muerta 😝,21667900,en,,14697386,2018-10-29 20:16:09,2018-10-29 20:16:09,
episode,fr,Astuce: écoutez votre femme même si elle est morte,21667900,en,,14697386,2018-10-29 21:36:47,2018-10-29 21:36:47,
episode,it,Suggerimento: ascolta tua moglie anche se è morta 😝,21667900,en,,14697386,2018-10-29 21:53:53,2018-10-29 21:53:53,
episode,pl,"Wskazówka: słuchaj swojej żony, nawet jeśli nie żyje 😝",21667900,en,,14697386,2018-11-01 10:05:19,2018-11-01 10:05:19,
episode,pt,Dica: ouça sua esposa mesmo se ela estiver morta 😝,21667900,en,,14697386,2018-11-02 21:26:35,2018-11-02 21:26:35,
episode,ar,أعتقد أنني تبولت قليلاً في سروالي خلال مشهد السيارة هذا,21667900,en,,14697794,2021-10-28 02:29:18,2021-10-28 02:29:18,
episode,de,"Ich glaube, ich habe in dieser Autoszene ein bisschen in die Hose gepinkelt 🛀",21667900,en,,14697794,2019-06-23 22:24:37,2019-06-23 22:24:37,
episode,es,Creo que me oriné un poco en mis pantalones durante la escena del auto 🛀,21667900,en,,14697794,2018-10-30 21:48:51,2018-10-30 21:48:51,
episode,fr,Je pense que j'ai pissé un peu dans mon pantalon pendant cette scène de voiture,21667900,en,,14697794,2018-10-29 21:01:32,2018-10-29 21:01:32,
episode,it,Penso di aver fatto un po 'di pipì nei miei pantaloni durante quella scena automobilistica 🛀,21667900,en,,14697794,2018-10-29 22:43:03,2018-10-29 22:43:03,
episode,pt,Eu acho que eu fiz xixi um pouco na minha calça durante a cena do carro 🛀,21667900,en,,14697794,2018-11-04 19:07:22,2018-11-04 19:07:22,
episode,tr,Sanırım o araba sahnesinde pantolonuma biraz işedim 🛀,21667900,en,,14697794,2022-09-19 02:21:59,2022-09-19 02:21:59,
episode,ar,كانت موطنها أبيغيل لقد قتلت 😭😭😭😭😱😱,21667900,en,,14698623,2018-11-02 01:35:48,2018-11-02 01:35:48,
episode,es,"Hijo de puta, Abigail era real. Y ella la mató 😭😭😭😭😱😱",21667900,en,,14698623,2018-10-30 01:45:51,2018-10-30 01:45:51,
episode,fr,"Enfoiré, Abigail était réelle. Et elle l'a tuée",21667900,en,,14698623,2018-10-29 22:22:14,2018-10-29 22:22:14,
episode,it,"Figlio di puttana, Abigail era reale. E lei l'ha uccisa 😭😭😭😭😱😱",21667900,en,,14698623,2018-10-30 21:44:18,2018-10-30 21:44:18,
episode,pl,"Skurwysynu, Abigail była prawdziwa. I ona ją zabiła 😭😭😭😭😱😱",21667900,en,,14698623,2018-10-30 12:54:16,2018-10-30 12:54:16,
episode,pt,"Filho da puta, Abigail era real. E ela matou ela 😭😭😭😭😱😱",21667900,en,,14698623,2018-10-30 05:15:21,2018-10-30 05:15:21,
episode,ar,"رجل! لم أظن أبداً أنني أستطيع أن أبكي في قصة رعب.
النهاية هي جميلة تماما & تماما ❤️ ❤️",21667900,en,,14701017,2018-11-03 11:54:35,2018-11-03 11:54:35,
episode,de,"Mann! Ich hätte nie gedacht, dass ich in der Horrorgeschichte weinen könnte.
Das Ende ist perfekt und absolut schön",21667900,en,,14701017,2018-10-29 23:05:41,2018-10-29 23:05:41,
episode,es,"¡Hombre! Nunca pensé que podría llorar en la historia de terror.
El final es perfectamente y absolutamente hermoso ❤️ ❤️",21667900,en,,14701017,2018-10-29 17:23:45,2018-10-29 17:23:45,
episode,fr,"Homme! Je n'ai jamais pensé que je pourrais pleurer dans une histoire d'horreur.
La fin est parfaitement & absolument magnifique ❤️ ❤️",21667900,en,,14701017,2018-10-29 21:48:06,2018-10-29 21:48:06,
episode,it,"Uomo! Non avrei mai pensato di poter piangere nella storia dell'orrore.
Il finale è perfettamente e assolutamente bello ❤️ ❤️",21667900,en,,14701017,2018-10-30 10:04:08,2018-10-30 10:04:08,
episode,pl,"Mężczyzna! Nigdy nie myślałem, że potrafię płakać w horrorze.
Zakończenie jest idealnie i absolutnie piękne ❤️ ❤️",21667900,en,,14701017,2018-10-30 19:51:12,2018-10-30 19:51:12,
episode,pt,"Homem! Eu nunca pensei que poderia chorar em uma história de terror.
O final é perfeitamente e absolutamente lindo ❤️ ❤️",21667900,en,,14701017,2018-10-29 17:43:13,2018-10-29 17:43:13,
episode,es,¡WTF! 😕 😕 ¿Qué pasó con el final? 😯,21667900,en,,14773894,2021-07-24 18:53:31,2021-07-24 18:53:31,
episode,fr,WTF! 😕 😕 Qu'y avait-il avec la fin? 😯,21667900,en,,14773894,2019-01-12 16:19:03,2019-01-12 16:19:03,
episode,it,WTF! 😕 😕 Cosa c'era nel finale? 😯,21667900,en,,14773894,2019-01-06 13:40:49,2019-01-06 13:40:49,
episode,pt,WTF! 😕 😕 O que houve com o final? 😯,21667900,en,,14773894,2019-01-17 14:35:11,2019-01-17 14:35:11,
episode,ar,"يستغرق الأمر 52 حلقة لتبني كالي. ولكن في النهاية سعيدة جدا لها.
ومن الرائع أن نرى نوحًا على أنه يسوع. لا تهاجم نوح قبل أن ترى تمثيله.",21667900,en,,14839224,2022-02-18 16:02:16,2022-02-18 16:02:16,
episode,fr,"Il faut 52 épisodes pour adopter callie. Mais finalement si heureux pour elle.
Et c'est bien de voir Noé comme Jésus. Ne frappez pas Noé avant de voir son rôle.",21667900,en,,14839224,2019-08-24 21:38:11,2019-08-24 21:38:11,
episode,it,"Ci vogliono 52 episodi per adottare il callie. Ma finalmente così felice per lei.
Ed è bello vedere Noè come Gesù. Non colpire Noè prima di vedere la sua recitazione.",21667900,en,,14839224,2019-06-15 23:08:35,2019-06-15 23:08:35,
episode,pt,"São necessários 52 episódios para adotar o callie. Mas finalmente tão feliz por ela.
E é ótimo ver Noé como Jesus. Não bata Noah antes de ver sua atuação.",21667900,en,,14839224,2019-04-21 03:22:14,2019-04-21 03:22:14,
episode,tr,"Callie'yi benimsemek 52 bölüm sürer. Ama sonunda onun adına çok sevindim.
Ve Noah'ı İsa olarak görmek harika. Oyunculuğunu görmeden Noah'a vurmayın.",21667900,en,,14839224,2021-04-20 22:37:11,2021-04-20 22:37:11,
episode,es,"Bueno, eso es un buen comienzo.
Es realmente intrigante.",21667900,en,,14843224,2018-11-07 20:27:28,2018-11-07 20:27:28,
episode,pt,"Bem, isso é um bom começo.
É realmente intrigante.",21667900,en,,14843224,2019-04-27 18:14:39,2019-04-27 18:14:39,
episode,ar,Phew ... كانت تلك الحلقة مكثفة.,21667900,en,,14897534,2018-11-12 23:41:12,2018-11-12 23:41:12,
episode,ar,كان يجب أن يكون بيك يركض عندما يذهب جو إلى الحمام.,21667900,en,,14925888,2018-11-14 18:48:23,2018-11-14 18:48:23,
episode,pt,"Eu estou ficando louco!! AMD!!
OMFG !!
Candace está viva e Beck está morto 😔😵😵
Espero que haja uma temporada 2.",21667900,en,,14926207,2018-11-13 06:51:53,2018-11-13 06:51:53,
episode,ar,رؤية جاك في مشهد النهاية حطمني. 😭😭,21667900,en,,14953509,2018-11-15 05:02:30,2018-11-15 05:02:30,
episode,en,Seeing Jack in the ending scene just broke me. 😭😭,21667900,en,,14953509,2018-11-15 16:41:22,2018-11-15 16:41:22,
episode,es,El personaje de Heidi es realmente secreto y confuso.,21667900,en,,14988881,2018-12-11 09:06:51,2018-12-11 09:06:51,
episode,pt,O personagem de Heidi é realmente secreto e confuso.,21667900,en,,14988881,2019-05-20 23:54:02,2019-05-20 23:54:02,
episode,fr,Quelqu'un a senti des vibrations de vikings à la fin?,21667900,en,,15001695,2018-11-24 16:51:43,2018-11-24 16:51:43,
episode,pt,"Oh cara! Esta temporada é tão fodida. Todo mundo está fazendo decisões insanamente estúpidas. Especialmente Callie.
O que diabos falava pensando em ir com diamante?",21667900,en,,15014882,2019-01-22 22:40:09,2019-01-22 22:40:09,
episode,ar,إنهم لطيفون. ❤️,21667900,en,,15016537,2021-07-10 07:07:13,2021-07-10 07:07:13,
episode,es,Son lindos ❤️,21667900,en,,15016537,2018-11-19 18:49:28,2018-11-19 18:49:28,
episode,fr,Ils sont mignons. ❤️,21667900,en,,15016537,2019-02-04 23:49:53,2019-02-04 23:49:53,
episode,it,Sono carini. ❤️,21667900,en,,15016537,2018-11-19 20:52:16,2018-11-19 20:52:16,
episode,pt,Eles são fofos. ❤️,21667900,en,,15016537,2022-02-03 03:35:59,2022-02-03 03:35:59,
episode,ar,هذا المشهد كان بالتأكيد زاحف 😱,21667900,en,,15016539,2018-11-19 19:54:38,2018-11-19 19:54:38,
episode,es,Esa escena fue definitivamente espeluznante,21667900,en,,15016539,2018-11-19 18:49:23,2018-11-19 18:49:23,
episode,fa,اون صحنه قطعا ترسناک بود😱,21667900,en,,15016539,2022-01-20 17:04:29,2022-01-20 17:04:29,
episode,fr,Cette scène était vraiment effrayant 😱,21667900,en,,15016539,2018-11-19 13:33:59,2018-11-19 13:33:59,
episode,it,Quella scena era decisamente raccapricciante 😱,21667900,en,,15016539,2018-11-19 11:15:14,2018-11-19 11:15:14,
episode,pl,Ta scena była zdecydowanie przerażająca 😱,21667900,en,,15016539,2020-05-18 12:26:19,2020-05-18 12:26:19,
episode,pt,Aquela cena foi definitivamente assustadora 😱,21667900,en,,15016539,2018-11-20 23:42:38,2018-11-20 23:42:38,
episode,tr,O sahne kesinlikle ürkütücüydü 😱,21667900,en,,15016539,2021-11-18 16:06:48,2021-11-18 16:06:48,
episode,es,No puedo manejarlo 😭😭😭😭,21667900,en,,15028256,2018-11-23 06:28:09,2018-11-23 06:28:09,
episode,fr,"Alfred est faible. King ne devrait pas être faible.
Je préfère tommen Baratheon à Alfred.",21667900,en,,15029176,2018-11-20 12:59:14,2018-11-20 12:59:14,
episode,pt,"Alfred é FRACO. King não deve ser fraco.
Prefiro Tommen Baratheon do que Alfred.",21667900,en,,15029176,2019-09-16 11:41:39,2019-09-16 11:41:39,
episode,ar,وتذهب إيمي لأفضل قديس كوميدي إلى الأب بيوككا 😂,21667900,en,,15029533,2020-04-13 03:19:18,2020-04-13 03:19:18,
episode,el,Και το emmy για τον καλύτερο κόμικ αγάπη πηγαίνει στο FATHER BEOCCA 😂,21667900,en,,15029533,2020-03-30 03:30:48,2020-03-30 03:30:48,
episode,es,Y el emmy por el mejor santo cómico va a PATHER BEOCCA,21667900,en,,15029533,2018-12-05 00:39:57,2018-12-05 00:39:57,
episode,fa,و امی بهترین قدیس کمیک به FTHER BEOCCA 😂,21667900,en,,15029533,2022-08-29 02:14:47,2022-08-29 02:14:47,
episode,fr,Et le emmy du meilleur saint comique va à PÈRE BEOCCA,21667900,en,,15029533,2018-12-10 23:45:23,2018-12-10 23:45:23,
episode,it,E l'emmy per il miglior santo dei fumetti va a FATHER BEOCCA 😂,21667900,en,,15029533,2018-11-21 20:09:31,2018-11-21 20:09:31,
episode,pt,E o emmy para o melhor santo cômico vai para PAI BEOCCA 😂,21667900,en,,15029533,2018-11-20 17:00:10,2018-11-20 17:00:10,
episode,ar,"""الأخوات"" ❤️💕",21667900,en,,15040946,2018-12-24 02:20:44,2018-12-24 02:20:44,
episode,es,"""Hermanas"" ❤️💕",21667900,en,,15040946,2023-04-27 03:45:31,2023-04-27 03:45:31,
episode,fr,"""Soeurs"" ❤️💕",21667900,en,,15040946,2020-07-02 08:37:20,2020-07-02 08:37:20,
episode,it,"""Sorelle"" ❤️💕",21667900,en,,15040946,2020-01-20 14:56:12,2020-01-20 14:56:12,
episode,pt,"""Irmãs"" ❤️💕",21667900,en,,15040946,2020-03-30 03:09:05,2020-03-30 03:09:05,
episode,ar,كانت تلك اللحظة رائعة. ♥,21667900,en,,15040949,2018-12-24 02:19:32,2018-12-24 02:19:32,
episode,az,O an çox sərin idi. ♥,21667900,en,,15040949,2021-07-27 02:56:12,2021-07-27 02:56:12,
episode,es,Ese momento fue tan genial. ♥,21667900,en,,15040949,2018-11-23 19:22:40,2018-11-23 19:22:40,
episode,fa,اون لحظه خیلی باحال بود ♥,21667900,en,,15040949,2022-01-29 16:56:18,2022-01-29 16:56:18,
episode,fr,Ce moment était tellement cool. ♥,21667900,en,,15040949,2018-11-21 22:11:29,2018-11-21 22:11:29,
episode,it,Quel momento è stato così bello. ♥,21667900,en,,15040949,2018-11-21 23:27:52,2018-11-21 23:27:52,
episode,pt,Esse momento foi tão legal. ♥,21667900,en,,15040949,2018-11-24 16:16:47,2018-11-24 16:16:47,
episode,tr,O an çok güzeldi. ♥,21667900,en,,15040949,2021-11-18 18:37:46,2021-11-18 18:37:46,
episode,en,What kind of father treat her daughter like that? 😭😭,21667900,en,,15040963,2018-11-21 12:24:06,2018-11-21 12:24:06,
episode,es,¿Qué clase de padre trata así a su hija? 😭😭,21667900,en,,15040963,2018-11-22 07:25:53,2018-11-22 07:25:53,
episode,fr,Quel genre de père traite sa fille comme ça? 😭😭,21667900,en,,15040963,2018-11-21 22:11:44,2018-11-21 22:11:44,
episode,it,Che tipo di padre tratta sua figlia in quel modo? 😭😭,21667900,en,,15040963,2018-11-21 10:55:15,2018-11-21 10:55:15,
episode,ar,هذا يذكرني بـ Jon و Ygritte ❤️😢,21667900,en,,15041325,2018-11-28 22:11:49,2018-11-28 22:11:49,
episode,de,Das erinnert mich an Jon und Ygritte,21667900,en,,15041325,2020-01-14 01:21:24,2020-01-14 01:21:24,
episode,el,Αυτό μου θυμίζει Jon και Ygritte ❤️😢,21667900,en,,15041325,2020-03-31 03:07:49,2020-03-31 03:07:49,
episode,es,Eso me recuerda a Jon y Ygritte ❤️😢,21667900,en,,15041325,2018-11-21 17:45:55,2018-11-21 17:45:55,
episode,fa,این منو یاد جون و ایگریت میندازه ❤️😢,21667900,en,,15041325,2022-08-30 22:09:42,2022-08-30 22:09:42,
episode,fr,Cela me rappelle Jon et Ygritte,21667900,en,,15041325,2018-11-22 19:54:03,2018-11-22 19:54:03,
episode,it,Questo mi ricorda Jon e Ygritte ❤️😢,21667900,en,,15041325,2019-02-17 20:03:45,2019-02-17 20:03:45,
episode,pl,To przypomina mi Jona i Ygritte ❤️😢,21667900,en,,15041325,2020-10-20 12:42:14,2020-10-20 12:42:14,
episode,pt,Isso me lembra de Jon e Ygritte?,21667900,en,,15041325,2018-11-22 20:46:24,2018-11-22 20:46:24,
episode,ro,Asta îmi amintește de Jon și Ygritte ❤️😢,21667900,en,,15041325,2020-09-09 19:34:52,2020-09-09 19:34:52,
episode,tr,Bu bana Jon ve Ygritte'i hatırlatıyor ❤️😢,21667900,en,,15041325,2020-05-10 09:41:35,2020-05-10 09:41:35,
episode,it,Sono contento di vedere qualcosa dallo sfondo di Miguel ❤️,21667900,en,,15042071,2018-11-21 11:01:06,2018-11-21 11:01:06,
episode,es,Necesitamos más chistes sobre este asunto.,21667900,en,,15054497,2018-11-23 18:10:40,2018-11-23 18:10:40,
episode,fr,Nous avons besoin de plus de blagues à ce sujet,21667900,en,,15054497,2018-11-25 17:48:48,2018-11-25 17:48:48,
episode,pt,Precisamos de mais piadas sobre este assunto?,21667900,en,,15054497,2018-11-22 20:49:00,2018-11-22 20:49:00,
episode,ar,"هل شعرت أي شخص أفريل لافين؟
(رئيس فوق الماء)",21667900,en,,15054507,2018-11-24 01:11:33,2018-11-24 01:11:33,
episode,es,"Alguien sintió Avril Lavigne?
(Cabeza sobre el agua)",21667900,en,,15054507,2018-11-22 19:01:48,2018-11-22 19:01:48,
episode,fr,"Quelqu'un a senti Avril Lavigne?
(Tête au dessus de l'eau)",21667900,en,,15054507,2018-11-22 18:17:33,2018-11-22 18:17:33,
episode,pt,"Alguém sentiu Avril Lavigne?
(Cabeça acima da água)",21667900,en,,15054507,2018-11-23 12:06:42,2018-11-23 12:06:42,
episode,ar,مؤرقة من منزل التل ؟؟؟ 😵,21667900,en,,15054510,2018-11-24 01:09:25,2018-11-24 01:09:25,
episode,es,Haunting de la casa de la colina? 😵,21667900,en,,15054510,2018-11-23 18:10:13,2018-11-23 18:10:13,
episode,fa,تسخیر خانه تپه؟؟؟ 😵,21667900,en,,15054510,2022-08-31 00:38:05,2022-08-31 00:38:05,
episode,fr,Hanté de colline maison ??? 😵,21667900,en,,15054510,2018-11-23 19:35:12,2018-11-23 19:35:12,
episode,it,Haunting of hill house ??? 😵,21667900,en,,15054510,2018-11-22 14:47:43,2018-11-22 14:47:43,
episode,pt,Assombração de casa de colina ??? 😵,21667900,en,,15054510,2018-11-22 20:48:50,2018-11-22 20:48:50,
episode,ar,"رجلان مختلفان تمامًا عن بعضهما البعض لا يزالان يتمتعان باحترام كبير لبعضهما البعض.
#UthredAndAlfred

💕😭",21667900,en,,15056513,2021-07-07 12:51:20,2021-07-07 12:51:20,
episode,es,"Dos hombres que son muy diferentes el uno del otro, pero ambos se respetan mucho.
#UthredAndAlfred

💕😭",21667900,en,,15056513,2020-07-24 19:43:27,2020-07-24 19:43:27,
episode,it,"Due uomini molto diversi tra loro, entrambi hanno un immenso rispetto l'uno per l'altro.
#UthredAndAlfred

💕😭",21667900,en,,15056513,2019-04-07 13:52:54,2019-04-07 13:52:54,
episode,pt,"Dois homens que são muito diferentes uns dos outros ainda têm imenso respeito um pelo outro.
#UthredAndAlfred

💕😭",21667900,en,,15056513,2018-11-24 18:45:27,2018-11-24 18:45:27,
episode,es,"Yo en los últimos 10 minutos: no me importa quién ganó la batalla. Por favor, por el amor de Dios, mata a ese maldito hijo de puta Aethelwold.",21667900,en,,15063354,2018-11-24 10:00:21,2018-11-24 10:00:21,
episode,it,"Il primo episodio è incredibilmente realistico. Grande colonna sonora, cinematografia, scelta dei luoghi.
L'abbigliamento è la parte migliore di questo episodio.
'Lunga vita alla regina' 👑",21667900,en,,15073904,2019-07-22 13:48:20,2019-07-22 13:48:20,
episode,fr,"Allez Brianna Allez!
Nous cherchons pour toi 🙆",21667900,en,,15094714,2018-11-26 05:20:57,2018-11-26 05:20:57,
episode,it,Questa è la nostra ragazza! 🙋,21667900,en,,15122304,2018-11-29 00:47:56,2018-11-29 00:47:56,
episode,ar,"أنت تعرف أكثر ما يعجبني في هذه الحلقة؟
نقل الشخصيات من الأطفال إلى المراهقين. انها جميلة جدا وواقعية بشكل كبير.",21667900,en,,15122335,2018-12-24 03:41:29,2018-12-24 03:41:29,
episode,az,"Bu epizodda ən çox nəyi sevdiyimi bilirsinizmi?
Simvolların uşaqlardan yeniyetmələrə keçməsi. Çox gözəl və kəskin dərəcədə realdır.",21667900,en,,15122335,2021-07-29 00:22:54,2021-07-29 00:22:54,
episode,ca,"Saps què m'agrada més d'aquest episodi?
La transició dels personatges de nens a adolescents. És tan bonic i dràsticament realista.",21667900,en,,15122335,2022-04-13 20:51:50,2022-04-13 20:51:50,
episode,es,"¿Sabes lo que más me gusta de este episodio?
La transición de personajes de niños a adolescentes. Es tan hermoso y drásticamente realista.",21667900,en,,15122335,2018-11-29 05:44:11,2018-11-29 05:44:11,
episode,fa,"می دانید چه چیزی را در این قسمت بیشتر دوست دارم؟
انتقال شخصیت ها از کودکان به نوجوانان. بسیار زیبا و به شدت واقعی است.",21667900,en,,15122335,2022-01-22 17:07:55,2022-01-22 17:07:55,
episode,fr,"Vous savez ce que j'aime le plus dans cet épisode?
La transition des personnages d’enfants à adolescents. C'est tellement beau et tellement réaliste.",21667900,en,,15122335,2018-12-18 21:48:59,2018-12-18 21:48:59,
episode,it,"Sai cosa mi piace di più di questo episodio?
La transizione dei personaggi dai bambini agli adolescenti. È così bello e drasticamente realistico.",21667900,en,,15122335,2018-11-28 10:35:11,2018-11-28 10:35:11,
episode,ka,"იცით, რაც ყველაზე მეტად მომწონს ამ ეპიზოდის შესახებ?
პერსონაჟების გადასვლა ბავშვებიდან მოზარდებში. ეს ძალიან ლამაზი და მკვეთრად რეალისტურია.",21667900,en,,15122335,2020-05-06 22:28:01,2020-05-06 22:28:01,
episode,mk,"Знаете што најмногу ми се допаѓа во оваа епизода?
Премин на ликови од деца во тинејџери. Тоа е толку убаво и драстично реално.",21667900,en,,15122335,2021-04-09 22:27:44,2021-04-09 22:27:44,
episode,pl,"Wiesz, co najbardziej lubię w tym odcinku?
Przenoszenie postaci z dzieci na nastolatków. Jest tak piękny i drastycznie realistyczny.",21667900,en,,15122335,2020-04-13 20:07:38,2020-04-13 20:07:38,
episode,pt,"Você sabe o que eu mais gosto sobre este episódio?
A transição de personagens de crianças para adolescentes. É tão bonito e drasticamente realista.",21667900,en,,15122335,2018-11-28 17:59:52,2018-11-28 17:59:52,
episode,ro,"Știi ce îmi place cel mai mult la acest episod?
Trecerea personajelor de la copii la adolescenți. Este atât de frumos și drastic de realist.",21667900,en,,15122335,2021-12-29 10:34:13,2021-12-29 10:34:13,
episode,ru,"Знаете, что мне больше всего нравится в этой серии?
Переход персонажей из детей в подростков. Это так красиво и невероятно реалистично.",21667900,en,,15122335,2020-08-28 10:16:40,2020-08-28 10:16:40,
episode,tr,"Bu bölümde en çok neyi seviyorum biliyor musun?
Karakterlerin çocuklardan gençlere geçişi. Çok güzel ve son derece gerçekçi.",21667900,en,,15122335,2021-08-12 09:43:49,2021-08-12 09:43:49,
episode,it,Questa introduzione è davvero sorprendente. 😍 😍 😍,21667900,en,,15122356,2018-11-29 18:38:21,2018-11-29 18:38:21,
episode,ar,هذا الجزء مذهل حقًا 😍 😍 كيف تصف تلك اللحظة بأنها جميلة جدًا ❤️ ❤️,21667900,en,,15124071,2021-10-25 20:03:40,2021-10-25 20:03:40,
episode,es,"Esta parte es realmente increíble, y cómo ella describe ese momento es tan hermoso ❤️ ❤️",21667900,en,,15124071,2018-11-28 15:15:24,2018-11-28 15:15:24,
episode,fa,این قسمت واقعا شگفت انگیز است 😍 😍 نحوه توصیف اون لحظه خیلی قشنگه ❤️ ❤️,21667900,en,,15124071,2022-01-30 17:16:58,2022-01-30 17:16:58,
episode,fr,Cette partie vraiment incroyable 😍 😍 comment elle décrit ce moment est si belle ❤️ ❤️,21667900,en,,15124071,2020-07-10 13:37:54,2020-07-10 13:37:54,
episode,it,Questa parte davvero sorprendente 😍 😍 come sta descrivendo quel momento è così bella ❤️ ❤️,21667900,en,,15124071,2018-11-28 20:43:04,2018-11-28 20:43:04,
episode,pt,Essa parte realmente incrível como ela está descrevendo esse momento é tão bonita ❤️ ❤️,21667900,en,,15124071,2018-11-28 14:46:30,2018-11-28 14:46:30,
episode,it,"Beh, è ​​stato piuttosto diretto. 😂😜😜",21667900,en,,15124121,2018-11-28 15:00:17,2018-11-28 15:00:17,
episode,pt,"Bem, isso foi bem direto. 😂😜😜",21667900,en,,15124121,2018-12-03 01:14:28,2018-12-03 01:14:28,
episode,es,nadie es inocente,21667900,en,,15134035,2023-05-14 22:02:40,2023-05-14 22:02:40,
episode,it,Nessuno è innocente,21667900,en,,15134035,2021-05-12 21:21:36,2021-05-12 21:21:36,
episode,pt,Ninguém é inocente,21667900,en,,15134035,2022-07-21 03:54:46,2022-07-21 03:54:46,
episode,es,La final estuvo bien. Esperando más pero aún así.,21667900,en,,15148820,2019-04-02 12:46:17,2019-04-02 12:46:17,
episode,fr,La finale s'est bien passée. En espérant plus mais quand même.,21667900,en,,15148820,2019-02-21 23:41:22,2019-02-21 23:41:22,
episode,pt,"Final estava bem. Esperando por mais, mas ainda assim.",21667900,en,,15148820,2018-12-14 17:50:26,2018-12-14 17:50:26,
episode,ar,أدرك أن HBO يمكن أن يكون صريحًا جدًا 😂😂,21667900,en,,15152527,2020-05-21 14:06:13,2020-05-21 14:06:13,
episode,es,Me doy cuenta de que HBO puede ser muy explícito,21667900,en,,15152527,2019-03-09 03:52:04,2019-03-09 03:52:04,
episode,fa,متوجه هستم که HBO می تواند بسیار صریح باشد,21667900,en,,15152527,2021-10-12 13:26:46,2021-10-12 13:26:46,
episode,fr,Je réalise que HBO peut être très explicite explicit,21667900,en,,15152527,2019-04-14 20:54:24,2019-04-14 20:54:24,
episode,it,Mi rendo conto che HBO può essere molto esplicito 😂😂,21667900,en,,15152527,2019-02-18 21:17:38,2019-02-18 21:17:38,
episode,pl,"Zdaję sobie sprawę, że HBO może być bardzo wyraźne 😂😂",21667900,en,,15152527,2020-07-12 00:23:48,2020-07-12 00:23:48,
episode,pt,Eu percebo que a HBO pode ser muito explícita 😂😂,21667900,en,,15152527,2018-12-11 02:23:11,2018-12-11 02:23:11,
episode,ru,"Я понимаю, что HBO может быть очень откровенным 😂😂",21667900,en,,15152527,2022-11-17 18:35:12,2022-11-17 18:35:12,
episode,tr,HBO'nun çok açık olabileceğinin farkındayım 😂😂,21667900,en,,15152527,2020-03-14 19:42:09,2020-03-14 19:42:09,
episode,it,"Pilota non molto buono, ma sarò sicuro di guardare il prossimo episodio.
Questo spettacolo è adattato dalla Novella di GRRM con lo stesso nome, quindi l'elemento sorpresa è sempre presente.",21667900,en,,15190134,2019-03-26 08:58:07,2019-03-26 08:58:07,
episode,ar,رجل! مشهد تيتوس وكليوباترا كان مضحكا جدا 😂 😂 😂,21667900,en,,15190777,2020-05-22 11:31:02,2020-05-22 11:31:02,
episode,ca,Home! Aquella escena de Titus i Cleòpatra va ser tan divertida 😂 😂 😂,21667900,en,,15190777,2020-11-17 21:54:57,2020-11-17 21:54:57,
episode,es,¡Hombre! Que la escena de Titus y Cleopatra fue tan divertida 😂 😂 😂,21667900,en,,15190777,2019-08-22 21:44:07,2019-08-22 21:44:07,
episode,fa,مرد! اون صحنه تیتوس و کلئوپاترا خیلی بامزه بود 😂 😂,21667900,en,,15190777,2021-10-15 16:48:29,2021-10-15 16:48:29,
episode,fr,Homme! La scène de Titus et Cléopâtre était si drôle 😂 😂,21667900,en,,15190777,2019-07-03 11:18:50,2019-07-03 11:18:50,
episode,it,Uomo! Quella scena di Tito e Cleopatra era così divertente 😂 😂 😂,21667900,en,,15190777,2019-11-29 23:20:17,2019-11-29 23:20:17,
episode,pl,Człowiek! Scena Tytusa i Kleopatry była taka zabawna 😂 😂 😂,21667900,en,,15190777,2020-04-16 22:18:19,2020-04-16 22:18:19,
episode,pt,Homem! Essa cena de Titus e Cleópatra foi tão engraçada 😂 😂 😂,21667900,en,,15190777,2019-02-07 02:14:14,2019-02-07 02:14:14,
episode,tr,Adam! Titus ve Kleopatra'nın sahnesi çok komikti 😂 😂 😂,21667900,en,,15190777,2020-06-12 00:47:55,2020-06-12 00:47:55,
episode,it,Le uniche persone che si stanno godendo la cena 😂😂😂,21667900,en,,15191458,2018-12-04 23:04:18,2018-12-04 23:04:18,
episode,it,Quella musica di sottofondo era davvero elettrizzante e avvincente. 🎶💕🎧,21667900,en,,15191466,2018-12-04 23:04:31,2018-12-04 23:04:31,
episode,ar,أنا أحبهم سعداء. ❤️💕,21667900,en,,15191474,2018-12-24 23:39:18,2018-12-24 23:39:18,
episode,es,Me gustan felices. ❤️💕,21667900,en,,15191474,2018-12-03 20:45:12,2018-12-03 20:45:12,
episode,fr,Je les aime heureux. ❤️💕,21667900,en,,15191474,2019-01-29 16:06:33,2019-01-29 16:06:33,
episode,it,Mi piacciono felici. ❤️💕,21667900,en,,15191474,2018-12-03 14:46:35,2018-12-03 14:46:35,
episode,pt,Eu gosto deles feliz. ❤️💕,21667900,en,,15191474,2018-12-13 04:27:07,2018-12-13 04:27:07,
episode,ar,الفوضى في كل مكان 💢,21667900,en,,15193257,2021-06-02 14:47:56,2021-06-02 14:47:56,
episode,es,CAOS POR TODAS PARTES 💢,21667900,en,,15193257,2019-09-07 13:27:12,2019-09-07 13:27:12,
episode,fr,CHAOS PARTOUT,21667900,en,,15193257,2019-07-03 12:00:49,2019-07-03 12:00:49,
episode,pt,CAOS EM TODA PARTE 💢,21667900,en,,15193257,2021-08-01 04:37:40,2021-08-01 04:37:40,
episode,tr,HER YERDE CHAOS 💢,21667900,en,,15193257,2020-07-09 18:24:02,2020-07-09 18:24:02,
episode,ar,13th ❤️❤️,21667900,ar,,15200867,2020-06-10 12:56:46,2020-06-10 12:56:46,
episode,es,13 ️️️️,21667900,ar,,15200867,2019-03-16 01:39:46,2019-03-16 01:39:46,
episode,fr,13ème ❤️❤️,21667900,ar,,15200867,2022-12-04 22:49:30,2022-12-04 22:49:30,
episode,pt,13 ️️️️,21667900,ar,,15200867,2019-02-09 19:40:33,2019-02-09 19:40:33,
episode,tr,13. ❤️❤️,21667900,ar,,15200867,2021-05-27 07:48:14,2021-05-27 07:48:14,
episode,ar,ايلينا و نينو 💕😍,21667900,it,,15201725,2018-12-08 08:22:19,2018-12-08 08:22:19,
episode,ar,نعم فعلا! والده منافق و ASSHOLE. 😠😠,21667900,en,,15201727,2018-12-08 08:21:20,2018-12-08 08:21:20,
episode,es,¡Sí! Su padre es un hipócrita y ASSHOLE. 😠😠,21667900,en,,15201727,2018-12-04 13:00:29,2018-12-04 13:00:29,
episode,fa,آره! پدرش منافق و احمق است. 😠😠,21667900,en,,15201727,2022-01-26 23:12:08,2022-01-26 23:12:08,
episode,fr,Oui! Son père est un hypocrite & ASSHOLE. 😠😠,21667900,en,,15201727,2018-12-25 18:55:57,2018-12-25 18:55:57,
episode,it,Sì! Suo padre è un ipocrita e un culo. 😠😠,21667900,en,,15201727,2018-12-04 10:48:10,2018-12-04 10:48:10,
episode,ka,დიახ! მისი მამაკაცი ფარისევლობა და აშიოლია. 😠😠,21667900,en,,15201727,2020-05-06 22:41:00,2020-05-06 22:41:00,
episode,pl,Tak! Jego ojciec jest hipokrytą i dupkiem. 😠😠,21667900,en,,15201727,2020-05-20 14:19:17,2020-05-20 14:19:17,
episode,pt,Sim! Seu pai é um hipócrita e ASSHOLE. 😠😠,21667900,en,,15201727,2018-12-11 01:05:07,2018-12-11 01:05:07,
episode,ru,Да! Его отец лицемер и мудак. 😠😠,21667900,en,,15201727,2020-08-28 14:56:33,2020-08-28 14:56:33,
episode,tr,Evet! Babası ikiyüzlü ve pisliktir. 😠😠,21667900,en,,15201727,2020-09-29 23:31:16,2020-09-29 23:31:16,
episode,ar,لا أحد يستطيع أن يجعل النهاية لهذا الموسم تمامًا مثل HBO.,21667900,en,,15213012,2019-04-08 03:41:27,2019-04-08 03:41:27,
episode,es,Nadie puede llegar al final de la temporada como HBO.,21667900,en,,15213012,2019-09-07 16:53:56,2019-09-07 16:53:56,
episode,fa,هیچ کس مانند HBO نمی تواند فینال فصل را بسازد.,21667900,en,,15213012,2022-04-08 05:56:34,2022-04-08 05:56:34,
episode,fr,Personne ne peut faire la finale de la saison tout à fait comme HBO.,21667900,en,,15213012,2019-03-17 16:13:25,2019-03-17 16:13:25,
episode,it,Nessuno può rendere il finale della stagione abbastanza simile alla HBO.,21667900,en,,15213012,2019-01-18 04:38:55,2019-01-18 04:38:55,
episode,ja,HBOのようにシーズンのフィナーレを迎えることはできません。,21667900,en,,15213012,2022-11-07 13:29:28,2022-11-07 13:29:28,
episode,pt,Ninguém pode fazer o final da temporada bem como a HBO.,21667900,en,,15213012,2018-12-19 05:19:09,2018-12-19 05:19:09,
episode,ru,"Никто не может сделать финал сезона лучше, чем HBO.",21667900,en,,15213012,2022-04-17 12:00:15,2022-04-17 12:00:15,
episode,tr,Kimse sezon finalini HBO gibi yapamaz.,21667900,en,,15213012,2020-07-10 20:39:39,2020-07-10 20:39:39,
episode,pt,Isso foi incrível.,21667900,en,,15213445,2018-12-05 12:04:36,2018-12-05 12:04:36,
episode,ar,"حسناً ، أريد فقط أن أقول هذا: إن ""جويل"" ليس الرجل الغني هنا. كانت محادثتهما الكاملة في النهاية نزيهة للغاية وعاطفية.",21667900,en,,15213480,2019-01-23 06:20:43,2019-01-23 06:20:43,
episode,de,"Okay, ich möchte nur folgendes sagen: JOEL IST NICHT DER SCHLECHTE HIER. Ihr gesamtes Gespräch am Ende war äußerst ehrlich und emotional.",21667900,en,,15213480,2019-12-19 12:12:06,2019-12-19 12:12:06,
episode,es,"Bueno, solo quiero decir esto: JOEL NO ES LA MALA MISMA AQUÍ. Toda su conversación al final fue extremadamente honesta y emocional.",21667900,en,,15213480,2018-12-07 22:30:36,2018-12-07 22:30:36,
episode,fr,"Ok, je veux juste dire ceci: JOEL N'EST PAS LE MAUVAIS GUY ICI. Toute la conversation à la fin était extrêmement honnête et émotionnelle.",21667900,en,,15213480,2018-12-16 16:39:10,2018-12-16 16:39:10,
episode,it,"Va bene, voglio solo dire questo: JOEL NON È IL GUERRA MALE QUI. Tutta la loro conversazione alla fine è stata estremamente onesta ed emotiva.",21667900,en,,15213480,2019-01-03 01:27:32,2019-01-03 01:27:32,
episode,pt,"Ok, eu só quero dizer isso: JOEL NÃO É O RUÍDO AQUI. Toda a conversa deles no final foi extremamente honesta e emocional.",21667900,en,,15213480,2018-12-05 12:49:52,2018-12-05 12:49:52,
episode,ar,ميدج في حفل الزفاف,21667900,en,,15223492,2019-01-29 12:57:47,2019-01-29 12:57:47,
episode,fr,Midge au mariage 😂😂😂,21667900,en,,15223492,2022-10-20 20:28:43,2022-10-20 20:28:43,
episode,it,Midge al matrimonio 😂😂😂,21667900,en,,15223492,2022-09-03 19:54:29,2022-09-03 19:54:29,
episode,pt,Midge no casamento,21667900,en,,15223492,2019-01-19 20:03:46,2019-01-19 20:03:46,
episode,ar,سوزي الرقص 😂😂😂👏👏,21667900,en,,15235585,2018-12-19 01:45:37,2018-12-19 01:45:37,
episode,es,"Este espectáculo es realmente divertido y encantador.
La Sra. Maisel es realmente una maravillosa ❤️❤️",21667900,en,,15237297,2018-12-15 19:08:56,2018-12-15 19:08:56,
episode,pt,"Esse show é realmente engraçado e charmoso.
Sra. Maisel é realmente uma maravilhosa ❤️❤️",21667900,en,,15237297,2020-03-27 01:12:53,2020-03-27 01:12:53,
episode,ar,"ما FUUUUUCK !!!!
الافلام؟ كيف هذا ممكن ؟؟",21667900,en,,15273373,2021-08-11 20:31:16,2021-08-11 20:31:16,
episode,de,"Was zum FUUUUUCK !!!!
Die Filme? Wie ist es möglich?",21667900,en,,15273373,2019-11-15 21:18:23,2019-11-15 21:18:23,
episode,es,"Lo que el FUUUUUCK !!!!
¿Las películas? ¿Cómo es posible?",21667900,en,,15273373,2019-03-24 03:34:28,2019-03-24 03:34:28,
episode,fr,"Qu'est-ce que le FUUUUUCK !!!!
Les films? Comment est-ce possible ??",21667900,en,,15273373,2019-04-07 19:30:15,2019-04-07 19:30:15,
episode,it,"Che FUUUUCK !!!!
I film? Com'è possibile ??",21667900,en,,15273373,2018-12-25 22:47:49,2018-12-25 22:47:49,
episode,pt,"O que o FUUUUK !!!!
Os filmes? Como isso é possível?",21667900,en,,15273373,2019-01-03 00:55:24,2019-01-03 00:55:24,
episode,tr,"Ne FUUUUUCK !!!!
Filmler? Nasıl mümkün ??",21667900,en,,15273373,2020-04-19 16:36:00,2020-04-19 16:36:00,
episode,ar,نحن ستان الشخصيات النسائية شرسة 😍😍💕💕❤️,21667900,en,,15282402,2018-12-24 23:45:45,2018-12-24 23:45:45,
episode,ca,Tenim personatges femenins ferotges 😍😍💕💕❤️,21667900,en,,15282402,2022-04-20 13:04:28,2022-04-20 13:04:28,
episode,el,Είμαστε σκληροί γυναικείοι χαρακτήρες 😍😍💕💕❤️,21667900,en,,15282402,2023-03-21 16:56:19,2023-03-21 16:56:19,
episode,es,Somos personajes femeninos feroces 😍😍💕💕❤️,21667900,en,,15282402,2018-12-12 03:33:38,2018-12-12 03:33:38,
episode,fa,ما با شخصیت های زن خشن ایستاده ایم 😍😍💕💕❤️,21667900,en,,15282402,2022-01-27 22:36:57,2022-01-27 22:36:57,
episode,fr,Nous stan caractères féminins féroces,21667900,en,,15282402,2018-12-23 19:46:25,2018-12-23 19:46:25,
episode,it,Siamo personaggi femminili feroci 😍😍💕💕❤️,21667900,en,,15282402,2018-12-11 06:22:28,2018-12-11 06:22:28,
episode,mk,Ние сме жестоки женски ликови,21667900,en,,15282402,2021-04-10 21:56:14,2021-04-10 21:56:14,
episode,pl,Stoimy zaciekłe postacie żeńskie 😍😍💕💕❤️,21667900,en,,15282402,2020-04-16 14:52:57,2020-04-16 14:52:57,
episode,pt,Nós stan ferozes personagens femininos 😍😍💕💕❤️,21667900,en,,15282402,2018-12-13 15:59:57,2018-12-13 15:59:57,
episode,ro,Stang personaje feminine feroce 😍😍💕💕❤️,21667900,en,,15282402,2020-05-28 16:03:50,2020-05-28 16:03:50,
episode,tr,Şiddetli kadın karakterlere sahibiz 😍😍💕💕❤️,21667900,en,,15282402,2021-11-24 18:11:40,2021-11-24 18:11:40,
episode,ar,"كيف يمكن أن يعيش مع نفسه؟
😠😠",21667900,en,,15282404,2019-05-03 04:32:01,2019-05-03 04:32:01,
episode,ca,"Com pot viure amb ell mateix?
😠😠",21667900,en,,15282404,2022-04-20 13:04:33,2022-04-20 13:04:33,
episode,de,"Wie kann er mit sich selbst leben?
😠😠",21667900,en,,15282404,2019-05-05 17:09:28,2019-05-05 17:09:28,
episode,es,"¿Cómo puede vivir consigo mismo?
😠😠",21667900,en,,15282404,2018-12-12 03:35:36,2018-12-12 03:35:36,
episode,fa,"چگونه می تواند با خودش زندگی کند؟
😠😠",21667900,en,,15282404,2022-01-27 22:37:42,2022-01-27 22:37:42,
episode,fr,"Comment peut-il vivre avec lui-même?
😠😠",21667900,en,,15282404,2018-12-16 14:09:39,2018-12-16 14:09:39,
episode,it,"Come può vivere con se stesso?
😠😠",21667900,en,,15282404,2018-12-11 07:07:43,2018-12-11 07:07:43,
episode,ka,"როგორ შეუძლია ის იცხოვროს საკუთარ თავთან?
😠😠",21667900,en,,15282404,2020-05-06 22:46:44,2020-05-06 22:46:44,
episode,mk,"Како може да живее со себе?
😠😠",21667900,en,,15282404,2021-04-10 21:56:27,2021-04-10 21:56:27,
episode,pl,"Jak może żyć ze sobą?
😠😠.",21667900,en,,15282404,2022-02-16 13:03:33,2022-02-16 13:03:33,
episode,pt,"Como ele pode viver com ele mesmo?
😠😠",21667900,en,,15282404,2018-12-14 04:41:33,2018-12-14 04:41:33,
episode,ru,"Как он может жить с собой?
😠😠",21667900,en,,15282404,2021-05-03 22:26:56,2021-05-03 22:26:56,
episode,tr,"Kendisiyle nasıl yaşayabilir?
😠😠",21667900,en,,15282404,2020-09-30 00:53:09,2020-09-30 00:53:09,
episode,ar,لقد مت من الضحك 😂 😂 😂,21667900,en,,15294464,2020-04-04 03:56:31,2020-04-04 03:56:31,
episode,es,Me morí de risa 😂,21667900,en,,15294464,2018-12-12 20:27:47,2018-12-12 20:27:47,
episode,fa,از خنده مُردم😂😂😂😂,21667900,en,,15294464,2022-01-28 20:33:36,2022-01-28 20:33:36,
episode,fr,Je suis mort de rire 😂 😂,21667900,en,,15294464,2018-12-22 21:22:40,2018-12-22 21:22:40,
episode,it,Sono morto dal ridere 😂 😂 😂,21667900,en,,15294464,2018-12-12 08:23:44,2018-12-12 08:23:44,
episode,pl,Umarłem ze śmiechu 😂 😂 😂,21667900,en,,15294464,2020-05-20 23:30:52,2020-05-20 23:30:52,
episode,pt,Eu morri de rir 😂 😂 😂,21667900,en,,15294464,2018-12-21 04:50:12,2018-12-21 04:50:12,
episode,ru,Я умер со смеху 😂 😂 😂,21667900,en,,15294464,2022-07-14 11:53:24,2022-07-14 11:53:24,
episode,tr,gülmekten öldüm 😂😂,21667900,en,,15294464,2021-11-24 18:13:37,2021-11-24 18:13:37,
episode,fr,Je veux qu'ils se produisent. 😊😊,21667900,en,,15294470,2018-12-26 14:38:48,2018-12-26 14:38:48,
episode,it,Voglio che succedano. 😊😊,21667900,en,,15294470,2018-12-12 22:03:14,2018-12-12 22:03:14,
episode,ar,"ماذا يحدث؟
كيف تسير الشخصيات ذهابًا وإيابًا إلى الواقع والبديل؟",21667900,en,,15295483,2019-03-10 23:40:22,2019-03-10 23:40:22,
episode,de,"Was ist hier los?
Wie gehen Charaktere hin und her zur Realität & Alternative?",21667900,en,,15295483,2019-11-16 21:10:03,2019-11-16 21:10:03,
episode,es,"¿Qué pasa?
¿Cómo van y vienen los personajes a la realidad y alternativa?",21667900,en,,15295483,2018-12-18 22:47:45,2018-12-18 22:47:45,
episode,fr,"Que se passe-t-il?
Comment les personnages vont-ils à la réalité et aux alternatives?",21667900,en,,15295483,2019-01-30 19:44:44,2019-01-30 19:44:44,
episode,it,"Che sta succedendo?
In che modo i personaggi vanno avanti e indietro verso la realtà e l'alternativa?",21667900,en,,15295483,2018-12-17 15:04:13,2018-12-17 15:04:13,
episode,pl,"Co się dzieje?
Jak postacie idą w tę iz powrotem do rzeczywistości i alternatywy?",21667900,en,,15295483,2020-06-14 08:34:41,2020-06-14 08:34:41,
episode,pt,"O que está acontecendo?
Como os personagens estão indo e voltando para a realidade e alternativa?",21667900,en,,15295483,2018-12-22 14:32:58,2018-12-22 14:32:58,
episode,tr,"Nasıl gidiyor?
Karakterler gerçeğe ve alternatife nasıl gidiyor?",21667900,en,,15295483,2020-04-02 15:40:24,2020-04-02 15:40:24,
episode,ar,شيت يزداد أثقل.,21667900,en,,15305284,2018-12-26 14:38:05,2018-12-26 14:38:05,
episode,es,La mierda se está volviendo más pesada.,21667900,en,,15305284,2018-12-19 16:37:33,2018-12-19 16:37:33,
episode,fr,La merde devient de plus en plus lourde.,21667900,en,,15305284,2019-01-06 22:16:53,2019-01-06 22:16:53,
episode,it,La merda sta diventando più pesante.,21667900,en,,15305284,2018-12-16 17:49:11,2018-12-16 17:49:11,
episode,pl,Gówno robi się cięższe.,21667900,en,,15305284,2020-08-25 12:25:24,2020-08-25 12:25:24,
episode,pt,Merda está ficando mais pesada.,21667900,en,,15305284,2018-12-23 19:27:31,2018-12-23 19:27:31,
episode,ar,"إيفار: أنا الله!
أنا:",21667900,en,,15306042,2018-12-13 09:47:01,2018-12-13 09:47:01,
episode,es,"Ivar: ¡Soy el DIOS!
Yo:",21667900,en,,15306042,2018-12-13 13:38:36,2018-12-13 13:38:36,
episode,fr,"Ivar: Je suis le DIEU!
Moi:",21667900,en,,15306042,2018-12-13 10:36:58,2018-12-13 10:36:58,
episode,it,"Ivar: io sono il Dio!
Me:",21667900,en,,15306042,2018-12-13 11:23:34,2018-12-13 11:23:34,
episode,pl,"Ivar: Jestem BOGIEM!
Ja:",21667900,en,,15306042,2021-09-23 17:37:35,2021-09-23 17:37:35,
episode,pt,"Ivar: Eu sou o DEUS!
Eu:",21667900,en,,15306042,2018-12-13 09:57:37,2018-12-13 09:57:37,
episode,ar,"Whatabout صريحة؟
هل هو على قيد الحياة؟",21667900,en,,15316119,2019-03-27 02:11:35,2019-03-27 02:11:35,
episode,es,"¿Qué hay de frank?
¿Esta el vivo?",21667900,en,,15316119,2019-01-10 09:26:45,2019-01-10 09:26:45,
episode,fr,"Qu'est-ce qui est franc?
Est-il vivant?",21667900,en,,15316119,2019-04-13 06:09:44,2019-04-13 06:09:44,
episode,it,"Che ne dici di franco?
È vivo?",21667900,en,,15316119,2019-01-13 22:42:51,2019-01-13 22:42:51,
episode,pt,"O que é franco?
Ele está vivo?",21667900,en,,15316119,2018-12-16 16:36:27,2018-12-16 16:36:27,
episode,tr,"Frank hakkında ne?
Hayatta mı?",21667900,en,,15316119,2020-04-23 16:43:34,2020-04-23 16:43:34,
episode,ar,أنقذ تاجومي وجوليانا ملايين الناس.,21667900,en,,15316425,2019-03-27 18:56:37,2019-03-27 18:56:37,
episode,de,Tagomi & Juliana retteten die Millionen von Menschen.,21667900,en,,15316425,2019-11-21 14:26:44,2019-11-21 14:26:44,
episode,es,Tagomi y Juliana salvaron a millones de personas.,21667900,en,,15316425,2019-02-24 22:59:39,2019-02-24 22:59:39,
episode,fr,Tagomi et Juliana ont sauvé des millions de personnes.,21667900,en,,15316425,2019-01-05 18:15:29,2019-01-05 18:15:29,
episode,it,Tagomi e Juliana hanno salvato milioni di persone.,21667900,en,,15316425,2019-01-21 23:25:45,2019-01-21 23:25:45,
episode,pl,Tagomi i Juliana uratowali miliony ludzi.,21667900,en,,15316425,2022-02-13 20:49:54,2022-02-13 20:49:54,
episode,pt,Tagomi e Juliana salvaram os milhões de pessoas.,21667900,en,,15316425,2018-12-16 17:33:15,2018-12-16 17:33:15,
episode,tr,Tagomi ve Juliana milyonlarca insanı kurtardı.,21667900,en,,15316425,2020-04-24 02:35:31,2020-04-24 02:35:31,
episode,pt,Vanderbilt é um homem visionário!,21667900,en,,15340164,2019-11-25 01:35:06,2019-11-25 01:35:06,
episode,pt,Este documentário precisa de mais atenção ...,21667900,en,,15353091,2018-12-29 01:03:03,2018-12-29 01:03:03,
episode,pt,Sim! O inverno está aqui. Devemos cuidar um do outro 💕,21667900,en,,15378215,2018-12-20 14:05:14,2018-12-20 14:05:14,
episode,pt,Palavras sábias 'Ivar o hipócrita',21667900,en,,15378223,2018-12-20 14:05:04,2018-12-20 14:05:04,
episode,ar,هل أنا الوحيد الذي يعتقد أن بيورن يشبه بالضبط راجنار؟,21667900,en,,15378237,2022-03-24 01:31:56,2022-03-24 01:31:56,
episode,de,"Bin ich der einzige, der denkt, dass Bjorn genau wie Ragnar aussieht?",21667900,en,,15378237,2018-12-21 06:24:39,2018-12-21 06:24:39,
episode,es,¿Soy el único que piensa que Bjorn es exactamente igual a Ragnar?,21667900,en,,15378237,2018-12-20 13:16:21,2018-12-20 13:16:21,
episode,fr,Suis-je le seul à penser que Bjorn ressemble exactement à Ragnar?,21667900,en,,15378237,2018-12-20 17:06:27,2018-12-20 17:06:27,
episode,it,Sono l'unico a pensare che Bjorn sia esattamente come Ragnar?,21667900,en,,15378237,2018-12-20 13:56:24,2018-12-20 13:56:24,
episode,pt,Eu sou o único que acha que Bjorn é exatamente igual a Ragnar?,21667900,en,,15378237,2018-12-20 13:28:57,2018-12-20 13:28:57,
episode,tr,Bjorn'un tam olarak Ragnar'a benzediğini düşünen tek ben miyim?,21667900,en,,15378237,2021-11-20 17:02:04,2021-11-20 17:02:04,
episode,fr,"D'accord, tout le monde déteste Berlin et tout va bien, mais lorsque vous arrivez au hold-up comme celui-là, une attitude comme celle de Berlin est le moyen de réussir à le réussir. 👌",21667900,en,,15386981,2018-12-29 20:29:33,2018-12-29 20:29:33,
episode,fr,"Roger, C'EST QUOI LE FUCK FAIT FAUX AVEC VOUS? Vous foutre !!
Il vient de naviguer 200 ans avant sa propre heure pour faire quoi? Bree gauche quand ils se sont disputés?
Oh mon Dieu!! Et pourquoi Bree est-elle allée avec ce psychopathe dans la pièce?
Et ces gens viennent de regarder ça arriver, je suis tellement déçu de tous les gens dans ce bar (?)",21667900,en,,15414306,2018-12-24 05:38:37,2018-12-24 05:38:37,
episode,fr,ce n'est pas juste ️💔,21667900,el,,15424378,2021-08-12 15:58:48,2021-08-12 15:58:48,
episode,ar,لا تعبث مع مروحة GoT ❤️,21667900,en,,15681350,2019-01-18 08:04:22,2019-01-18 08:04:22,
episode,es,Nunca te metas con el fan de GoT ❤️,21667900,en,,15681350,2019-02-24 00:44:25,2019-02-24 00:44:25,
episode,fr,Ne plaisante jamais avec les fans de GoT,21667900,en,,15681350,2019-01-16 17:57:57,2019-01-16 17:57:57,
episode,it,Non scherzare mai con la ventola del GoT ❤️,21667900,en,,15681350,2019-01-16 17:42:55,2019-01-16 17:42:55,
episode,pt,Nunca mexa com o fã do GoT,21667900,en,,15681350,2019-01-18 00:22:07,2019-01-18 00:22:07,
episode,ar,كانت تلك النهاية 😭😱😶😢,21667900,en,,15740930,2022-03-02 07:25:56,2022-03-02 07:25:56,
episode,es,Ese final fue,21667900,en,,15740930,2019-01-21 21:45:50,2019-01-21 21:45:50,
episode,fr,Cette fin était,21667900,en,,15740930,2019-01-20 17:44:39,2019-01-20 17:44:39,
episode,it,Quel finale era 😭😱😶😢,21667900,en,,15740930,2019-01-20 16:56:42,2019-01-20 16:56:42,
episode,pt,Esse final foi 😭😱😶😢,21667900,en,,15740930,2019-01-20 17:23:50,2019-01-20 17:23:50,
episode,es,Ahora eso es lo que llamamos un final.,21667900,en,,17554999,2019-06-10 15:10:29,2019-06-10 15:10:29,
episode,fr,"Maintenant, c'est ce que nous appelons une fin.",21667900,en,,17554999,2019-06-13 20:01:06,2019-06-13 20:01:06,
episode,it,Questo è il cosiddetto finale.,21667900,en,,17554999,2019-09-11 16:51:37,2019-09-11 16:51:37,
episode,pt,Agora isso é o que chamamos de final.,21667900,en,,17554999,2019-06-10 15:37:47,2019-06-10 15:37:47,
episode,pt,Isso está ficando cada vez mais escuro.,21667900,en,,17629477,2019-06-17 04:16:00,2019-06-17 04:16:00,
episode,ar,"أنت رجل طيب. ثيون.
مرحبًا ❤️",21667900,en,,17923105,2021-06-26 10:28:16,2021-06-26 10:28:16,
episode,pt,"Você é um bom homem. Theon.
Bem-vindo ❤️",21667900,en,,17923105,2019-07-16 21:47:21,2019-07-16 21:47:21,
episode,ar,لقد عادت الآبار. 😘🔥,21667900,en,,17923110,2023-05-26 23:53:30,2023-05-26 23:53:30,
episode,es,Los pozos están de vuelta. 😘🔥,21667900,en,,17923110,2019-07-11 21:22:51,2019-07-11 21:22:51,
episode,fr,Les puits sont de retour. 😘🔥,21667900,en,,17923110,2019-07-17 15:20:31,2019-07-17 15:20:31,
episode,pt,Wells estão de volta. 😘🔥,21667900,en,,17923110,2019-07-20 23:51:03,2019-07-20 23:51:03,
episode,es,Sabes que HBO te está corrompiendo cuando estás alentando a un narcotraficante. ❤️,21667900,en,,18140193,2019-07-29 07:10:54,2019-07-29 07:10:54,
episode,fr,Vous savez que HBO vous corrompre lorsque vous recherchez un trafiquant de drogue. ❤️,21667900,en,,18140193,2019-07-29 09:27:41,2019-07-29 09:27:41,
episode,it,Sai che HBO ti sta corrompendo quando fai il tifo per uno spacciatore. ❤️,21667900,en,,18140193,2019-07-29 18:58:19,2019-07-29 18:58:19,
episode,pt,Nate assustou a merda fora de mim. Ator fenomenal.,21667900,en,,18231564,2019-08-07 03:38:24,2019-08-07 03:38:24,
episode,fr,"Je pense que les enfants (les trois grands et les enfants de nos jours aussi) demandent beaucoup à leurs parents. Ils veulent des parents parfaits et une vie parfaite. Et blâmer les parents pour les problèmes auxquels ils sont confrontés.
Je veux dire, allez, ils ont fait ce qu'ils pouvaient! Nous avons tous vu Rebecca et Jack faire de leur mieux pour les élever. Mais ce n'est jamais suffisant, parfois ils disent des choses qu'ils ne devraient pas avoir, leur jetant des crises de colère et s'attendant à ce qu'ils comprennent ce qui ne va pas dans leur vie.",21667900,en,,20200311,2020-03-18 07:25:41,2020-03-18 07:25:41,
episode,it,"Penso che i bambini (i tre grandi e anche i bambini al giorno d'oggi) chiedano molto ai loro genitori. Vogliono genitori perfetti e vita perfetta. E dai la colpa ai genitori per i problemi che stanno affrontando.
Voglio dire, andiamo, hanno fatto quello che potevano! Abbiamo visto tutti Rebecca e Jack fare del loro meglio per allevarli. Ma non è mai abbastanza, a volte dicono cose che non dovrebbero avere, lanciando loro bizze e si aspettano che capiscano cosa diavolo c'è di sbagliato nella loro vita.",21667900,en,,20200311,2020-03-18 06:42:29,2020-03-18 06:42:29,
episode,el,Lol 😂 ο πατέρας beocca έχει ανταγωνισμό 🤣,21667900,en,,20720677,2020-05-02 19:05:48,2020-05-02 19:05:48,
episode,pt,Aquele final ...,21667900,en,,20722360,2020-04-29 12:23:38,2020-04-29 12:23:38,
episode,fr,"Qui est le grain de beauté de la CIA? l'incident de la lame, ce bombardement. Dieu! Je me sens pour Brody.",21667900,en,,20749516,2020-07-12 14:25:36,2020-07-12 14:25:36,
episode,pt,"Quem é a toupeira na CIA? o incidente da lâmina, este bombardeio. Deus! Eu sinto por brody.",21667900,en,,20749516,2020-06-13 22:52:08,2020-06-13 22:52:08,
episode,ar,هزت كيندال هذا الهراء ngl. إنه بالفعل يملأ الحذاء الكبير. أعني أن تكتشف أن مضيفك المشارك لا يشارك في استضافة دقيقتين قبل الإطلاق ثم هذا العرض الهراء مع لوكاس ... لا توجد طريقة يمكن للناس أن يفعلوها بشكل أفضل ، إنها مدهشة فيما تفعله sge مع الاستشارات السياسية ولكن الرئيس التنفيذي ، إيه ...,21667900,en,,33351978,2023-05-02 10:50:55,2023-05-02 10:50:55,
episode,fr,"Kendall a secoué cette merde ngl. Il remplit en effet les gros souliers. Je veux dire pour découvrir que votre co-hôte ne co-anime pas quelques minutes avant le lancement, puis ce shitshow avec lukas ... Pas moyen que les gens pensent que shiv puisse faire mieux, elle est incroyable de ce que sge fait avec la consultation politique mais PDG, hein ...",21667900,en,,33351978,2023-05-02 14:57:18,2023-05-02 14:57:18,
episode,pt,"Kendall arrasou com essa merda ngl. Ele está realmente preenchendo os sapatos grandes. Quero descobrir que seu co-apresentador não está co-apresentando alguns minutos antes do lançamento e então aquele show de merda com lukas ... De jeito nenhum as pessoas que shiv podem fazer melhor, ela é incrível no que sge faz com consultoria política, mas CEO, eh ...",21667900,en,,33351978,2023-05-02 02:18:49,2023-05-02 02:18:49,
episode,ar,لذا الخنصر لا يستطيع الرقص. نحن نسير إلى الأمام أيها الإخوة. دعونا نرى الضوء KLR 😂😭,21667900,en,,33487496,2023-06-04 14:41:28,2023-06-04 14:41:28,
show,fr,"Avril 2019.
Êtes-vous prêt les gars?
#ForTheThrone
#L'hiver est arrivé",21667900,en,,1137028,2018-11-16 11:56:16,2018-11-16 11:56:16,
show,ar,مراجعة: GO WATCH IT في أسرع وقت ممكن. انها مذهلة جدا. تم تعيينه في عام 1950. على أساس نفس اسم الكتاب.,21667900,en,,1141019,2018-11-19 15:10:29,2018-11-19 15:10:29,
show,en,Review: GO WATCH IT ASAP. IT'S SO SO AMAZING. it was set in 1950 period. Based on same name of the book.,21667900,en,,1141019,2020-04-11 07:40:15,2020-04-11 07:40:15,
show,es,Revisar: ir a verlo lo antes posible. Es tan increíble. Fue establecido en el período de 1950. Basado en el mismo nombre del libro.,21667900,en,,1141019,2018-12-11 20:14:39,2018-12-11 20:14:39,
show,fa,نقد و بررسی: GO WATCH IT ASAP. بسیار شگفت آور است. در دوره 1950 تنظیم شده است. براساس همین نام کتاب.,21667900,en,,1141019,2020-07-27 04:12:32,2020-07-27 04:12:32,
show,fr,Review: GO WATCH IT dès que possible. C'EST TELLEMENT INCROYABLE. il a été mis en 1950 période. Basé sur le même nom du livre.,21667900,en,,1141019,2018-11-19 14:14:34,2018-11-19 14:14:34,
show,it,Recensione: VAI GUARDA AL PIÙ PRESTO. È COSÌ FANTASTICO. è stato impostato nel 1950. Basato sullo stesso nome del libro.,21667900,en,,1141019,2018-11-19 23:03:31,2018-11-19 23:03:31,
show,pl,Recenzja: GO ZOBACZ IT ASAP. TO TAK TAK ZDOBYWAJĄCE. został ustanowiony w 1950 roku. Na podstawie tej samej nazwy książki.,21667900,en,,1141019,2018-11-20 04:30:22,2018-11-20 04:30:22,
show,pt,Revisão: IR ASSISTIR-O O MAIS RÁPIDO. É tão incrível. foi criado em 1950 período. Baseado no mesmo nome do livro.,21667900,en,,1141019,2018-11-19 15:37:27,2018-11-19 15:37:27,
show,zh,评论：尽快观看。太神奇了。它是在1950年设定的。基于该书的相同名称。,21667900,en,,1141019,2020-07-05 22:11:00,2020-07-05 22:11:00,
